sensor_id,timestamp,temperature,humidity,vibration
A03,2025-10-28 13:34:18.184229,20.927204728486387,56.27348319504066,0.7896975734960615
A02,2025-10-28 13:34:19.184342,24.913304733626372,62.2872450964484,0.5887030844838346
A02,2025-10-28 13:34:20.184360,24.473731001090897,61.80184908068545,0.12394017639665605
A01,2025-10-28 13:34:21.184371,28.00380234287018,58.67485738298686,0.19652195825066446
A01,2025-10-28 13:34:22.184380,26.735104401289455,59.749357167715324,0.702361890604276
A03,2025-10-28 13:34:23.184389,28.812090219405256,42.939448957310724,0.6252879357758148
A03,2025-10-28 13:34:24.184398,26.116212052671642,40.08868630117938,0.34435658728882146
A03,2025-10-28 13:34:25.184406,23.87185963702881,67.92904915807173,0.4439581609699558
A03,2025-10-28 13:34:26.184414,25.711684083379673,37.79901445030007,0.4429159837796577
A02,2025-10-28 13:34:27.184423,22.931482215906605,64.38446387594772,0.6077440866707651
A01,2025-10-28 13:34:28.184431,24.381617419140515,37.66766840244862,0.28816802593855906
A01,2025-10-28 13:34:29.184450,23.25775916795275,53.78182587493356,0.45350815414560985
A03,2025-10-28 13:34:30.184461,22.189562621143093,31.195794424503266,0.7174770064013162
A03,2025-10-28 13:34:31.184469,27.75559844344144,61.0655622692112,0.35374935177857936
A01,2025-10-28 13:34:32.184479,23.203082840631506,40.27401835033477,0.38637882021770054
A03,2025-10-28 13:34:33.184487,21.766300245553282,49.06650561114604,0.39314615688079824
A02,2025-10-28 13:34:34.184496,27.6556830222537,30.614028797285155,0.8368495608456479
A02,2025-10-28 13:34:35.184504,28.28208219542146,69.43198748431614,0.5742550673890753
A01,2025-10-28 13:34:36.184512,23.941175802148845,68.44436882470848,0.4783027095234037
A01,2025-10-28 13:34:37.184520,25.75606975570444,37.61969956545306,0.9525302377306724
A02,2025-10-28 13:34:38.184528,23.97978706050971,46.10209583391012,0.6805052852531122
A01,2025-10-28 13:34:39.184536,27.81312591789382,42.70628812431582,0.7401729498532416
A02,2025-10-28 13:34:40.184544,24.139376683677,35.75377184703724,0.27418075474886794
A01,2025-10-28 13:34:41.184552,27.565123849399377,57.56846259252949,0.8208350933287649
A03,2025-10-28 13:34:42.184560,23.99323242583846,69.8992046795423,0.9252289509121518
A02,2025-10-28 13:34:43.184569,26.20468128815568,42.38605436962868,0.8582289940364424
A03,2025-10-28 13:34:44.184577,27.323221248209002,59.203835526172234,0.770157836247753
A03,2025-10-28 13:34:45.184587,23.863381727884125,44.41414235066351,0.26158244942373304
A01,2025-10-28 13:34:46.184595,28.100706235557464,38.68371853054187,0.6881292938165299
A01,2025-10-28 13:34:47.184604,20.923353655797975,31.332992621440003,0.45712975572833026
A02,2025-10-28 13:34:48.184612,23.733446849820204,33.56611686356522,0.21971352791342136
A02,2025-10-28 13:34:49.184620,25.423825560779957,53.72430733522158,0.586007308175259
A01,2025-10-28 13:34:50.184628,25.857968729981366,30.470667382766358,0.8575364066656136
A02,2025-10-28 13:34:51.184636,27.05131359836646,67.28660202149857,0.7081338462833372
A02,2025-10-28 13:34:52.184644,25.166115656083885,41.69899546474965,0.15717878350666784
A01,2025-10-28 13:34:53.184652,28.978059109261274,63.526197157704615,0.9553283598722734
A03,2025-10-28 13:34:54.184660,25.647790415230862,34.65794071255363,0.7103179814526843
A01,2025-10-28 13:34:55.184668,24.16909170829638,48.82341529515705,0.40636641235810156
A01,2025-10-28 13:34:56.184676,23.113173695713606,36.408843358967445,0.1605318709120996
A01,2025-10-28 13:34:57.184687,24.340009549424096,42.092149189206,0.2972408028079373
A01,2025-10-28 13:34:58.184695,25.162100186776268,32.98696179935955,0.5349280276194354
A01,2025-10-28 13:34:59.184704,26.47099872255809,54.923169055165275,0.17289575835863275
A03,2025-10-28 13:35:00.184712,23.717811641304774,50.69054126353502,0.5396232802705276
A02,2025-10-28 13:35:01.184720,27.314569843252293,67.09809905647259,0.6400084625758745
A01,2025-10-28 13:35:02.184728,25.396313447709023,68.30804774997173,0.3137093447122272
A03,2025-10-28 13:35:03.184736,23.76072901594908,33.820881430906475,0.36182882841865427
A01,2025-10-28 13:35:04.184744,26.872348045338725,53.02271040640274,0.31416575129829466
A01,2025-10-28 13:35:05.184752,25.437109501159824,45.20491301892786,0.5133875595402599
A01,2025-10-28 13:35:06.184760,22.57944890992105,39.49257759445461,0.13324108496965775
A01,2025-10-28 13:35:07.184768,25.01222640843636,48.133923520149956,0.4494014857255072
A01,2025-10-28 13:35:08.184776,26.395919003578978,47.38307002593552,0.3127304070877295
A02,2025-10-28 13:35:09.184784,27.65257191828695,69.47235450323561,0.3720462056474022
A01,2025-10-28 13:35:10.184792,23.395747001221473,58.46691827319389,0.6137914516361785
A02,2025-10-28 13:35:11.184801,22.744067829770206,41.60632750462178,0.5319089864560761
A03,2025-10-28 13:35:12.184809,25.566390011156077,59.572628103494935,0.5862927777427506
A02,2025-10-28 13:35:13.184817,24.83084566347395,47.4394378734947,0.6126579513344681
A02,2025-10-28 13:35:14.184825,23.65739025552799,32.11946495156045,0.20749572710719466
A01,2025-10-28 13:35:15.184834,26.49454878444111,49.39938555062518,0.75950817489647
A03,2025-10-28 13:35:16.184842,28.04507525070803,59.7017430939578,0.7611455175620722
A01,2025-10-28 13:35:17.184850,27.222549929077037,62.70313393270316,0.597748875542012
A03,2025-10-28 13:35:18.184858,23.744057260841977,47.07481279455098,0.6013453853770399
A01,2025-10-28 13:35:19.184866,24.798033330547916,55.75798679837172,0.2895544150258017
A03,2025-10-28 13:35:20.184875,23.967426211258793,43.708303616457904,0.4446892982949401
A03,2025-10-28 13:35:21.184883,24.05830033815325,32.19271904308296,0.4910095452319717
A02,2025-10-28 13:35:22.184891,24.129257034536973,48.11604835696063,0.42755790860010023
A01,2025-10-28 13:35:23.184901,21.95923960280062,69.70234865498841,0.3764697465118547
A02,2025-10-28 13:35:24.184909,23.7793962960921,40.773505866360374,0.8333802474176664
A02,2025-10-28 13:35:25.184917,26.449167358034906,40.18324499873309,0.7269867370847818
A02,2025-10-28 13:35:26.184925,25.48603933818644,43.571499671158094,0.5193424269469362
A02,2025-10-28 13:35:27.184933,28.308491907868884,32.55221590585008,0.5099009914098768
A01,2025-10-28 13:35:28.184941,26.786676044473523,42.36546036742187,0.33696426128619594
A03,2025-10-28 13:35:29.184949,23.423936883303863,47.51711156704244,0.4804172987547669
A01,2025-10-28 13:35:30.184957,28.842100678893807,63.859327798181226,0.34801909693720123
A01,2025-10-28 13:35:31.184965,26.79262291655586,32.61304313583626,0.422905103076873
A03,2025-10-28 13:35:32.184973,25.59912050137099,45.95508269712313,0.2441197055834314
A03,2025-10-28 13:35:33.184981,22.529569553538778,47.833804132481255,0.39706999831951684
A01,2025-10-28 13:35:34.184989,22.642277117888327,52.64659884941074,0.3005724269837808
A02,2025-10-28 13:35:35.184997,25.302280329219077,58.65566706583772,0.911215534884745
A03,2025-10-28 13:35:36.185006,23.48448765137002,64.3490270562855,0.37530736785916363
A02,2025-10-28 13:35:37.185014,27.7399923515698,58.471345157573325,0.3088567157144002
A01,2025-10-28 13:35:38.185022,24.94391794120384,51.821245196867544,0.1376956157840888
A02,2025-10-28 13:35:39.185030,24.145443317377925,48.13686471828938,0.9850757267607992
A03,2025-10-28 13:35:40.185040,27.04809632749314,50.41722066139101,0.7230395987444048
A02,2025-10-28 13:35:41.185048,24.97821411449093,56.904376372108175,0.5471618407687504
A01,2025-10-28 13:35:42.185056,24.325167990915787,32.63701137712396,0.3503191185124861
A01,2025-10-28 13:35:43.185064,24.980397677675626,32.02716156757543,0.8274768722862834
A03,2025-10-28 13:35:44.185072,23.88821893118584,37.313078540591746,0.1338542266763102
A02,2025-10-28 13:35:45.185080,27.773008208395552,66.2978078019864,0.4837220973077495
A01,2025-10-28 13:35:46.185088,23.39668181349628,39.65522396572638,0.7707717017391527
A01,2025-10-28 13:35:47.185096,23.54984162140819,49.58104217980187,0.4308459487919596
A01,2025-10-28 13:35:48.185104,28.336963368809933,37.37962712699193,0.13074466205666457
A02,2025-10-28 13:35:49.185112,27.55222017941268,48.07376124688243,0.5018718507544039
A02,2025-10-28 13:35:50.185120,26.401048812669206,48.23510588384823,0.8093651469597677
A02,2025-10-28 13:35:51.185129,24.164626750476987,52.45991236194507,0.7626143505062191
A01,2025-10-28 13:35:52.185137,25.719260854922492,63.02795854967934,0.4330079686171816
A03,2025-10-28 13:35:53.185145,23.829812186985514,36.29826672524209,0.8057127877336968
A03,2025-10-28 13:35:54.185170,22.906636822361058,57.23754119506573,0.862955168308498
A02,2025-10-28 13:35:55.185182,23.51086850452856,62.13653867136273,0.7666064998844392
A03,2025-10-28 13:35:56.185190,24.076222869488532,45.84356305526006,0.352243203071017
A01,2025-10-28 13:35:57.185201,26.133223109862058,62.17716567854771,0.5838070222202861
A03,2025-10-28 13:35:58.185214,21.947349848082023,45.922319025443294,0.9396551022517459
A03,2025-10-28 13:35:59.185222,20.58825768016196,47.85993251042491,0.8172878880776687
A03,2025-10-28 13:36:00.185230,25.289925197838098,46.85092318628455,0.26334368387643764
A03,2025-10-28 13:36:01.185238,22.540137713308113,46.09965329859354,0.3989132728129965
A02,2025-10-28 13:36:02.185246,23.115795804922495,37.926511287417725,0.29878503352182456
A01,2025-10-28 13:36:03.185254,26.283480275566095,43.39627476933073,0.4932284668838225
A02,2025-10-28 13:36:04.185263,21.931312662869157,46.544119264735436,0.6541083346114888
A02,2025-10-28 13:36:05.185271,28.09450684382653,63.96967883377563,0.24413035224315624
A03,2025-10-28 13:36:06.185279,25.828433199757676,44.58691299007387,0.44162681780995394
A01,2025-10-28 13:36:07.185287,21.050305323641073,33.15351361846532,0.8817574638078611
A02,2025-10-28 13:36:08.185295,23.274805025356777,38.492275541678524,0.7101091574707484
A02,2025-10-28 13:36:09.185303,25.47169662126096,35.668391199892596,0.6425724379640416
A01,2025-10-28 13:36:10.185312,27.562514529082662,45.30240347993082,0.8922026054943539
A03,2025-10-28 13:36:11.185320,23.39028668318133,62.92336457084523,0.8848563129477861
A03,2025-10-28 13:36:12.185328,25.980538972776955,38.86505839159628,0.23945803220957618
A01,2025-10-28 13:36:13.185336,22.224790306751352,40.96994039987887,0.9474895644118659
A02,2025-10-28 13:36:14.185344,23.647488415209587,49.5755274158429,0.38121313570056736
A02,2025-10-28 13:36:15.185352,27.00070029320089,66.64088596849935,0.4851831763459048
A02,2025-10-28 13:36:16.185360,26.672712295777412,62.664849474468014,0.4626390312037023
A01,2025-10-28 13:36:17.185368,23.815705461570385,30.6329400726407,0.22812881064418467
A01,2025-10-28 13:36:18.185376,28.083976736466507,49.79079085320514,0.3887081037451152
A01,2025-10-28 13:36:19.185385,26.77170236349667,46.89158486136002,0.9429390465532578
A03,2025-10-28 13:36:20.185393,23.057450103468312,41.94013792560485,0.7382743069589406
A01,2025-10-28 13:36:21.185402,21.32778909701074,50.01324202014045,0.16374838155251903
A01,2025-10-28 13:36:22.185410,27.097639276386655,58.08350865242577,0.9285285799650862
A01,2025-10-28 13:36:23.185418,28.709035231640502,44.73795827575679,0.6547858251874714
A03,2025-10-28 13:36:24.185427,26.95878050216512,46.242113132968825,0.29929351996481535
A02,2025-10-28 13:36:25.185436,26.198256200044845,32.12420017559986,0.8261012628071798
A02,2025-10-28 13:36:26.185454,22.068796870640274,64.22050679205392,0.18400652734473638
A01,2025-10-28 13:36:27.185463,22.990179728056304,31.68779177038047,0.3976415891216951
A01,2025-10-28 13:36:28.185471,25.993565454471653,54.827973970424395,0.7416562133656881
A02,2025-10-28 13:36:29.185479,23.8289021897354,52.846829763858956,0.9257818272000855
A01,2025-10-28 13:36:30.185488,22.470236371248095,40.84188711174088,0.5500708395433561
A03,2025-10-28 13:36:31.185496,24.931688028304844,47.9391809502571,0.28515485575569666
A02,2025-10-28 13:36:32.185504,25.99732336064525,50.24247285898283,0.4271304349240942
A01,2025-10-28 13:36:33.185512,24.848292641619963,62.9559607335583,0.9420917349873146
A02,2025-10-28 13:36:34.185520,23.06592930504862,44.3698481990873,0.3666344032667782
A03,2025-10-28 13:36:35.185528,25.112071318543055,31.12927983890737,0.25213629704235363
A02,2025-10-28 13:36:36.185536,24.45146079238545,42.68268618598059,0.3449374413446794
A03,2025-10-28 13:36:37.185544,24.80187361204487,57.004089747040965,0.4104909605701589
A01,2025-10-28 13:36:38.185552,22.174840145680104,54.722320916591435,0.1866904860604397
A02,2025-10-28 13:36:39.185560,25.510279788357167,50.65783132459867,0.9233904923769102
A02,2025-10-28 13:36:40.185569,24.766433372387574,47.50089835050758,0.6922079390273972
A01,2025-10-28 13:36:41.185578,25.04811295239889,58.01193549511305,0.9008758712698517
A02,2025-10-28 13:36:42.185586,25.83992242013757,39.93188132629504,0.16992479128277946
A01,2025-10-28 13:36:43.185595,25.52571149065102,33.90184201817662,0.6626826262348572
A02,2025-10-28 13:36:44.185603,24.377376867732586,62.101496711742854,0.6590564070313478
A01,2025-10-28 13:36:45.185611,26.68898381661566,47.69782311853143,0.6199285289810954
A02,2025-10-28 13:36:46.185619,25.904339855948322,69.43068941312052,0.6633143471393101
A03,2025-10-28 13:36:47.185627,27.813253492421815,51.88694987226198,0.8562961650845311
A01,2025-10-28 13:36:48.185635,24.307101104644847,67.93867658314785,0.9024951167894224
A03,2025-10-28 13:36:49.185643,20.584263620186547,36.05297601777857,0.7908599057964488
A01,2025-10-28 13:36:50.185652,27.588873408029063,41.23898339245124,0.30675157240196815
A03,2025-10-28 13:36:51.185660,25.90247500731741,59.86946065312331,0.7900806331364025
A03,2025-10-28 13:36:52.185668,24.09959707717793,66.78926288774844,0.4526099979820687
A01,2025-10-28 13:36:53.185676,24.56460178177879,41.93854135163596,0.404955384984961
A03,2025-10-28 13:36:54.185685,24.115380875671203,35.989082184330144,0.302004117135143
A02,2025-10-28 13:36:55.185693,23.21541702517869,53.35030819991003,0.7812075169803753
A01,2025-10-28 13:36:56.185701,24.485630054542113,51.9879504352304,0.12579428168848247
A02,2025-10-28 13:36:57.185709,24.06403627101861,44.21924540550121,0.12900866800772812
A01,2025-10-28 13:36:58.185717,24.85018363732303,50.79413774378815,0.20585529816483927
A02,2025-10-28 13:36:59.185725,25.16650792951305,35.57521823269524,0.6351696301943649
A03,2025-10-28 13:37:00.185733,25.403724915072743,53.4242153119672,0.9771620684568789
A03,2025-10-28 13:37:01.185741,22.473040747094153,31.800416556847424,0.5123432859707322
A03,2025-10-28 13:37:02.185749,25.12820153419313,50.20524679493692,0.9828586453541766
A01,2025-10-28 13:37:03.185758,26.09498493829624,32.640768595702696,0.8020548729453457
A01,2025-10-28 13:37:04.185766,26.130031223978666,35.958937677131146,0.47846876136129657
A01,2025-10-28 13:37:05.185775,24.756951364670872,32.36282320326931,0.2584293226608614
A01,2025-10-28 13:37:06.185783,27.44143703933341,41.67112195406353,0.5539853856103261
A02,2025-10-28 13:37:07.185791,24.37848927763221,51.07553848695145,0.39577437281232763
A03,2025-10-28 13:37:08.185799,26.097827032471933,44.76740841678255,0.8196495695063354
A03,2025-10-28 13:37:09.185807,22.222407904474398,53.415343177356604,0.3459349790420779
A02,2025-10-28 13:37:10.185816,23.194150358642638,30.70159788019375,0.4834055840337015
A01,2025-10-28 13:37:11.185824,23.45331561383601,35.20900705791143,0.12345687425562758
A03,2025-10-28 13:37:12.185832,25.06813890738691,39.22544001064348,0.39271739935634364
A03,2025-10-28 13:37:13.185840,23.79873986192339,40.81583165179241,0.5737546353041074
A01,2025-10-28 13:37:14.185848,23.005436164341468,34.47556588657695,0.8788965826987265
A01,2025-10-28 13:37:15.185856,31.030216179577565,33.63851389887244,0.9220462969910663
A01,2025-10-28 13:37:16.185864,25.100469173300155,44.28174161573642,0.7101680922359319
A02,2025-10-28 13:37:17.185872,20.54856111934634,56.85306199567614,0.7394392818328391
A03,2025-10-28 13:37:18.185881,26.07660125547745,46.08744377744691,0.9375726099667478
A01,2025-10-28 13:37:19.185890,25.308955420960462,66.7295710086122,0.254821538708916
A01,2025-10-28 13:37:20.185899,25.855251644831274,57.91642725551661,0.9140585203935887
A02,2025-10-28 13:37:21.185907,23.80185155839595,44.61292833973121,0.26333124794780793
A02,2025-10-28 13:37:22.185917,29.720520714224406,57.62497396729129,0.8893954870463526
A03,2025-10-28 13:37:23.185925,27.48752615757432,61.2923927817174,0.7930077917699053
A01,2025-10-28 13:37:24.185933,23.654082729627607,58.02615368325819,0.6248775180876952
A01,2025-10-28 13:37:25.185941,25.508597162525167,36.949594222987145,0.4954539041581315
A02,2025-10-28 13:37:26.185949,22.597549546443545,34.86207739773598,0.1380815072672164
A03,2025-10-28 13:37:27.185958,25.484231302314406,67.8402052028757,0.8018755193110769
A03,2025-10-28 13:37:28.185966,23.816527562150306,30.34366444740609,0.14692674926820495
A03,2025-10-28 13:37:29.185975,22.833053081429743,41.90631548618036,0.12431952478529137
A03,2025-10-28 13:37:30.185983,24.87623706238548,64.2603400429711,0.37948685115983183
A01,2025-10-28 13:37:31.185991,24.61646710840889,41.727601826596455,0.2714994780413402
A02,2025-10-28 13:37:32.186000,27.288793908029216,60.460482784652825,0.6595693622597468
A01,2025-10-28 13:37:33.186008,25.005609956528446,66.87351562170429,0.9768197916353039
A02,2025-10-28 13:37:34.186016,27.72436764456391,53.00301153172555,0.5687961579780613
A01,2025-10-28 13:37:35.186024,23.309347675147595,68.39938016732106,0.7239687272218165
A02,2025-10-28 13:37:36.186032,24.821140056663907,47.489562757188935,0.9900639901840913
A03,2025-10-28 13:37:37.186041,26.136575901889515,64.52645278990443,0.9978543801654539
A02,2025-10-28 13:37:38.186049,25.871814934301465,60.60968342236144,0.4398450937998264
A01,2025-10-28 13:37:39.186058,28.933897503194387,50.83009834561697,0.4328907323236997
A01,2025-10-28 13:37:40.186066,23.935835202192504,40.5163581837251,0.7923742157799056
A01,2025-10-28 13:37:41.186074,27.007985843218975,67.17297366733641,0.8240850915284759
A01,2025-10-28 13:37:42.186082,24.565739430573753,40.306519753572076,0.5047562077828572
A02,2025-10-28 13:37:43.186090,23.40187390546613,44.24992108969573,0.35421015843281334
A02,2025-10-28 13:37:44.186098,28.22797494246065,31.37460812149751,0.9031910862590853
A03,2025-10-28 13:37:45.186106,24.99647900458631,41.415583004051626,0.65713228163019
A02,2025-10-28 13:37:46.186114,25.096367792201637,59.10198441695751,0.5765975431198925
A01,2025-10-28 13:37:47.186124,27.44299467899567,39.516879690613116,0.7952908128825089
A03,2025-10-28 13:37:48.186132,25.82671805604494,42.360537615533225,0.108104393627027
A01,2025-10-28 13:37:49.186140,25.845674701884015,31.263000036518033,0.7627197158575715
A01,2025-10-28 13:37:50.186159,24.87432262784334,56.92993920022972,0.432289705268753
A01,2025-10-28 13:37:51.186170,23.739320895212312,33.511449330591695,0.6696507179245382
A02,2025-10-28 13:37:52.186180,24.787176795253146,69.26642647667049,0.7855501348882883
A02,2025-10-28 13:37:53.186188,25.254632831367847,32.955961709443436,0.13902654268720316
A01,2025-10-28 13:37:54.186209,22.920745010762925,60.4146219963167,0.7820576196613402
A02,2025-10-28 13:37:55.186221,25.219476471755435,49.93462923886834,0.45635678691905646
A01,2025-10-28 13:37:56.186229,26.19948576543918,65.40346224197138,0.21314321943874381
A02,2025-10-28 13:37:57.186237,21.651321055384305,58.66500919669715,0.9715658773525365
A03,2025-10-28 13:37:58.186245,29.03888046260895,45.389529981952734,0.1077111303111977
A02,2025-10-28 13:37:59.186253,26.464553030783875,68.66953866610427,0.8001895329591713
A02,2025-10-28 13:38:00.186262,26.269500611666874,57.543084033537255,0.9383818618867658
A03,2025-10-28 13:38:01.186270,21.53759857575138,31.859829516437564,0.5866578131287251
A01,2025-10-28 13:38:02.186278,24.67787333089162,66.21112423850005,0.6332289895043726
A01,2025-10-28 13:38:03.186286,24.070834211877767,68.09190108647846,0.6013018471033377
A02,2025-10-28 13:38:04.186294,25.943786573274,34.26416035728285,0.6515597353251538
A03,2025-10-28 13:38:05.186303,21.553102361730073,48.348191359303414,0.4588911481523783
A03,2025-10-28 13:38:06.186312,24.507750374297252,54.749689800776416,0.2878452974468824
A02,2025-10-28 13:38:07.186320,24.766078327352417,30.86792673951551,0.9158112595449731
A01,2025-10-28 13:38:08.186328,27.534557488901235,65.55810802727498,0.8538660361740603
A02,2025-10-28 13:38:09.186337,26.293398018929217,46.021021047295505,0.21982827923568543
A03,2025-10-28 13:38:10.186345,24.92345270144907,55.06938461972058,0.6985694730415023
A03,2025-10-28 13:38:11.186354,20.62594099379091,30.54344206732999,0.6437389520057835
A02,2025-10-28 13:38:12.186362,29.517627431117447,64.14567263416507,0.2865058606155904
A03,2025-10-28 13:38:13.186370,29.108913964043648,67.20671437313246,0.7439042019404857
A01,2025-10-28 13:38:14.186378,25.76399826279729,56.68780766488527,0.6580577237680805
A03,2025-10-28 13:38:15.186387,27.09903295440244,36.01619871169715,0.41648926511311146
A02,2025-10-28 13:38:16.186395,24.681138252171415,32.73425628885803,0.9438677646878417
A01,2025-10-28 13:38:17.186403,24.13738047611323,45.07836020087679,0.7322952900551812
A02,2025-10-28 13:38:18.186411,22.660671864326872,57.35499023017182,0.9032865752730693
A02,2025-10-28 13:38:19.186419,24.965679645498394,45.334455447193974,0.8570884316525225
A02,2025-10-28 13:38:20.186427,25.171007924863705,56.41623136489359,0.22390573549243353
A03,2025-10-28 13:38:21.186435,25.706693483793632,58.759018789699894,0.1918638027805709
A02,2025-10-28 13:38:22.186451,25.758697310503376,57.347557247310334,0.3658681133079025
A03,2025-10-28 13:38:23.186459,25.18081889696005,49.62842626601081,0.21776682395416402
A03,2025-10-28 13:38:24.186468,29.138814681777625,50.58284960306479,0.8254902669059074
A02,2025-10-28 13:38:25.186476,24.02992739963383,53.805219631584045,0.793453105513407
A02,2025-10-28 13:38:26.186484,27.959011868161,65.7352341691861,0.6592112728056787
A02,2025-10-28 13:38:27.186492,25.897802926140873,43.05099018162245,0.8752388832205129
A03,2025-10-28 13:38:28.186501,24.601276674107382,59.55274036292349,0.13061089220577907
A01,2025-10-28 13:38:29.186509,26.487066468823752,69.38838763300305,0.18943814270079348
A01,2025-10-28 13:38:30.186518,29.03122324180406,60.938474524764814,0.9361369139880037
A01,2025-10-28 13:38:31.186527,22.817145397137057,54.32538819771758,0.19426950959567663
A01,2025-10-28 13:38:32.186535,31.465775120277172,44.30158739250855,0.19071601811212396
A03,2025-10-28 13:38:33.186543,25.20417437804477,59.114992230112,0.7165485527851634
A03,2025-10-28 13:38:34.186551,27.3567962692845,45.00203090359837,0.5399737783630656
A02,2025-10-28 13:38:35.186559,25.8649626487467,46.47579954012948,0.7053100669169673
A01,2025-10-28 13:38:36.186567,24.20122248496746,43.18643058704144,0.6632975211706608
A02,2025-10-28 13:38:37.186575,28.193441137443727,55.88148647891707,0.43740528066854745
A01,2025-10-28 13:38:38.186583,28.74407806149746,32.4526209028438,0.9204673992661724
A01,2025-10-28 13:38:39.186591,26.99960262007581,44.06151708602712,0.36282176506592334
A02,2025-10-28 13:38:40.186599,22.732873115935497,31.309507412890376,0.5160486808799405
A02,2025-10-28 13:38:41.186607,26.4776961699798,34.308351023338986,0.26054936693434616
A01,2025-10-28 13:38:42.186615,23.724179855871874,42.12506878133254,0.29551557026453457
A01,2025-10-28 13:38:43.186623,21.87036063585931,35.342987637497465,0.5064821843463883
A02,2025-10-28 13:38:44.186631,22.852223012261796,40.636680133943926,0.5257766339927596
A02,2025-10-28 13:38:45.186639,25.71984986855389,47.04042583467593,0.9347847464477287
A03,2025-10-28 13:38:46.186648,27.65239378368284,63.974502708784584,0.36619358549110737
A01,2025-10-28 13:38:47.186660,21.46538483966291,48.419415535410565,0.47559713596284403
A02,2025-10-28 13:38:48.186668,26.14420166039562,34.53998606397611,0.17960667962391458
A01,2025-10-28 13:38:49.186677,27.69898713313067,68.4860927790328,0.7580731236728254
A02,2025-10-28 13:38:50.186685,23.746683124860137,54.492956974753355,0.6643306957234395
A03,2025-10-28 13:38:51.186693,22.2631795151231,40.50159841081428,0.7092408670117498
A01,2025-10-28 13:38:52.186701,26.873504072798063,54.23951900888976,0.1435008694568971
A02,2025-10-28 13:38:53.186709,26.464021483522114,61.730805785768375,0.5394617077357514
A03,2025-10-28 13:38:54.186717,23.68337034141263,59.94523254618616,0.9904360667302157
A01,2025-10-28 13:38:55.186725,24.959393960033328,35.08512641718381,0.9166256948540991
A02,2025-10-28 13:38:56.186733,24.37804188533639,33.70137645080723,0.6223445028472264
A02,2025-10-28 13:38:57.186742,23.614124836757377,61.609025410987925,0.9009400023374214
A02,2025-10-28 13:38:58.186750,28.504614086747328,44.33960244089934,0.5390551504928099
A03,2025-10-28 13:38:59.186758,27.660751983695373,67.64446817612497,0.6237537011054519
A01,2025-10-28 13:39:00.186768,22.842649581309832,35.76272097863626,0.44372904251015044
A03,2025-10-28 13:39:01.186776,24.354835474342472,43.584751741843256,0.5554095031716029
A02,2025-10-28 13:39:02.186784,26.05102468491951,33.50773330330349,0.7854139017101319
A02,2025-10-28 13:39:03.186793,25.6396968965864,52.88866562260498,0.36910099847026334
A03,2025-10-28 13:39:04.186801,25.153522664966488,48.98362065940325,0.42574337089329617
A01,2025-10-28 13:39:05.186809,23.7212976576657,56.713184426571644,0.3075340159462898
A02,2025-10-28 13:39:06.186817,25.248327865883823,69.57418502508784,0.39266377291516796
A02,2025-10-28 13:39:07.186825,26.09537441044324,53.589973233140455,0.3946395652529793
A01,2025-10-28 13:39:08.186833,23.931613826769848,54.842278846488085,0.4370489408408985
A02,2025-10-28 13:39:09.186841,25.90069034049299,36.570907716227445,0.9022689238494278
A02,2025-10-28 13:39:10.186849,28.07821345002319,38.8173080765361,0.27362442148913096
A03,2025-10-28 13:39:11.186857,24.605471056166415,51.20159886596114,0.6196091677534163
A01,2025-10-28 13:39:12.186866,25.92601699714913,37.625776388627884,0.9020153743107334
A03,2025-10-28 13:39:13.186875,24.584716984320185,32.80210588741898,0.2913682151353211
A02,2025-10-28 13:39:14.186883,28.2580084876292,69.47335040221401,0.23350354057377207
A03,2025-10-28 13:39:15.186891,23.277423990441616,44.5342041953168,0.954479795652964
A03,2025-10-28 13:39:16.186899,25.13294111138671,35.13732188405272,0.5291179782238178
A02,2025-10-28 13:39:17.186907,24.75176077547654,55.41230697469233,0.5532640163831882
A01,2025-10-28 13:39:18.186915,24.748016752278524,37.89072639772003,0.7923875872017789
A01,2025-10-28 13:39:19.186923,26.074330674808632,37.646602643419,0.12638772330696343
A02,2025-10-28 13:39:20.186931,24.667843425631403,35.45840340964573,0.7306373796539163
A01,2025-10-28 13:39:21.186939,23.98363714179618,58.167744413901445,0.45340738575096007
A01,2025-10-28 13:39:22.186947,26.95517394104493,63.22725770965216,0.8605609765372727
A02,2025-10-28 13:39:23.186955,24.224346482549727,61.43090585533748,0.5715756721683896
A01,2025-10-28 13:39:24.186963,28.06467836665251,47.909923693409226,0.5238400743635168
A01,2025-10-28 13:39:25.186971,24.553586000851602,63.979810692716136,0.8618791162571983
A02,2025-10-28 13:39:26.186979,27.158658180038348,66.52696633269203,0.14694484121685328
A01,2025-10-28 13:39:27.186988,26.83263000539036,64.08253581624044,0.43763148475931646
A01,2025-10-28 13:39:28.186996,26.958497656416572,50.7762851577655,0.5603073940976944
A01,2025-10-28 13:39:29.187005,25.699763093772027,55.37983052687764,0.44326090956829356
A01,2025-10-28 13:39:30.187016,22.86078976200076,34.805660466120244,0.886858608403382
A01,2025-10-28 13:39:31.187024,20.35049696955038,30.199763217018628,0.5016166516191781
A01,2025-10-28 13:39:32.187032,25.32163042713072,66.66957653691492,0.5101318170543014
A02,2025-10-28 13:39:33.187040,22.770286081053435,33.9902890231991,0.7074613625051277
A03,2025-10-28 13:39:34.187048,23.836490976170534,31.05933222263385,0.41938237954187074
A03,2025-10-28 13:39:35.187057,21.50963238593751,33.98703492685637,0.5504726210478399
A01,2025-10-28 13:39:36.187065,24.62894953347151,47.38015426705037,0.8204978545094612
A01,2025-10-28 13:39:37.187073,24.266340919633823,41.14550806141565,0.5761800920790088
A03,2025-10-28 13:39:38.187081,28.84040848895961,35.00047864197774,0.21947716320059069
A01,2025-10-28 13:39:39.187089,27.33817656226327,34.42472379653209,0.5993624679799512
A01,2025-10-28 13:39:40.187097,26.270055661403646,42.54224043020963,0.9673780252648334
A01,2025-10-28 13:39:41.187105,26.446318327625956,46.2640656602557,0.7324072544655963
A01,2025-10-28 13:39:42.187114,22.002164507677406,41.37821757308802,0.7139875642480041
A02,2025-10-28 13:39:43.187122,24.0917136400239,49.55695958055246,0.32669680651172206
A03,2025-10-28 13:39:44.187130,24.277191504403493,42.86665762047504,0.6095499083915549
A02,2025-10-28 13:39:45.187138,27.431370367832155,53.3503388157443,0.47930785046164026
A02,2025-10-28 13:39:46.187153,22.683872170902102,36.160417963293234,0.1820345631013576
A02,2025-10-28 13:39:47.187165,21.149167312571475,41.63032924011351,0.23919068346601058
A01,2025-10-28 13:39:48.187175,24.818056157952867,65.97259072234252,0.7820358504174189
A01,2025-10-28 13:39:49.187184,20.81290075426218,48.02754715649715,0.9259916351709438
A02,2025-10-28 13:39:50.187192,25.7227795441728,55.86635650345639,0.9271112861653258
A02,2025-10-28 13:39:51.187202,22.367011470361128,62.654420200471016,0.6541153798394517
A02,2025-10-28 13:39:52.187210,24.052045259963258,31.85747223994745,0.8148389510809848
A02,2025-10-28 13:39:53.187219,26.226459712241333,43.89763052370806,0.8335374810886128
A03,2025-10-28 13:39:54.187227,22.662176783873228,50.150727459326234,0.7461760065700865
A02,2025-10-28 13:39:55.187236,26.24389009612017,35.845754456806056,0.9475108887674147
A03,2025-10-28 13:39:56.187244,25.269490474768606,31.43038947278411,0.34286843425420205
A02,2025-10-28 13:39:57.187252,24.326801895941657,54.100770220626,0.1442810934304442
A03,2025-10-28 13:39:58.187260,22.54288291053949,60.58211519344294,0.3199283281072926
A03,2025-10-28 13:39:59.187268,27.262278432346893,30.689211970548516,0.9361047289160275
A01,2025-10-28 13:40:00.187276,25.342671318745552,65.00128758700006,0.5095024765619232
A01,2025-10-28 13:40:01.187284,26.02749787580839,36.31736761610669,0.8256025308756868
A03,2025-10-28 13:40:02.187292,23.866852485684724,34.7278143147443,0.9177345420035757
A01,2025-10-28 13:40:03.187300,29.100825165457916,60.046798270555435,0.7833747952664629
A01,2025-10-28 13:40:04.187308,21.74620855894738,35.802840419498196,0.3675598839031893
A01,2025-10-28 13:40:05.187316,24.333594306771047,45.191405619393805,0.303392508553622
A02,2025-10-28 13:40:06.187324,25.891665872598526,44.64909174548179,0.1607404501517791
A02,2025-10-28 13:40:07.187332,25.461854002709007,50.67602195658358,0.22884732081090534
A03,2025-10-28 13:40:08.187340,25.676506052687937,54.189722493119355,0.4319446821426818
A03,2025-10-28 13:40:09.187348,30.052944608052563,50.058977587620305,0.6847653267392994
A02,2025-10-28 13:40:10.187356,26.114570508616932,68.23105694082359,0.790676040591865
A02,2025-10-28 13:40:11.187365,28.338554508969725,54.213329523049936,0.9145567326554456
A02,2025-10-28 13:40:12.187374,23.34901374813644,50.642719852415034,0.6320444061574688
A03,2025-10-28 13:40:13.187382,23.048985272343273,41.27367343431603,0.12250992186186004
A01,2025-10-28 13:40:14.187390,24.465563336006504,57.0217786575664,0.5249323087262989
A02,2025-10-28 13:40:15.187398,25.069395192762265,40.1752940242734,0.8747470376081591
A02,2025-10-28 13:40:16.187406,26.20812766490378,37.428269626082866,0.9770755020078253
A01,2025-10-28 13:40:17.187414,22.935036825640324,41.43171885810276,0.3380234953887735
A02,2025-10-28 13:40:18.187422,24.356730700538755,40.240142358001364,0.9671571158247517
A03,2025-10-28 13:40:19.187431,26.572071997140412,59.35898823467785,0.4251341564706471
A03,2025-10-28 13:40:20.187445,26.59230540871873,69.30479510260977,0.7819567071022514
A03,2025-10-28 13:40:21.187456,22.278762005970663,56.681521469357335,0.6239930891195173
A01,2025-10-28 13:40:22.187464,25.599293897178963,37.09803748536065,0.617729686000124
A03,2025-10-28 13:40:23.187472,25.273411115404667,44.85361060679085,0.7759482697063294
A02,2025-10-28 13:40:24.187480,27.103145253666973,45.68700148782635,0.6952640596894466
A02,2025-10-28 13:40:25.187488,25.593051504391745,67.35488220189774,0.6009535260151335
A02,2025-10-28 13:40:26.187496,28.019953995214088,47.595575948162136,0.2616099641427707
A02,2025-10-28 13:40:27.187504,24.07543628394404,65.57672347442158,0.5590861868704987
A02,2025-10-28 13:40:28.187512,23.053069746512172,40.75858365781305,0.9626869080195285
A03,2025-10-28 13:40:29.187520,25.822317273022115,69.79444204455109,0.4834639543337158
A01,2025-10-28 13:40:30.187528,27.279375985060135,54.85475218533749,0.4686672746683459
A01,2025-10-28 13:40:31.187536,25.920610182073407,39.1314453825761,0.3841114504755615
A03,2025-10-28 13:40:32.187544,28.423069358935848,60.43865404693962,0.7758131291812204
A02,2025-10-28 13:40:33.187552,27.00390392931469,47.616751897902176,0.973739157417838
A03,2025-10-28 13:40:34.187560,24.960758016987697,33.73289148983502,0.4409982978633299
A03,2025-10-28 13:40:35.187568,27.77346111412237,41.968367246505096,0.708806701919125
A01,2025-10-28 13:40:36.187577,25.72399231214465,64.75417247667619,0.24033332660166362
A02,2025-10-28 13:40:37.187586,26.14843941951711,53.72202294736599,0.35229526271418043
A02,2025-10-28 13:40:38.187594,26.929163939209744,47.673564594693026,0.1118025048837521
A01,2025-10-28 13:40:39.187603,23.431280030724878,37.54410140368733,0.8142605196030704
A03,2025-10-28 13:40:40.187611,22.25633612686636,43.24012197784813,0.7921420312218002
A02,2025-10-28 13:40:41.187619,31.099700193063608,61.95027204657077,0.25458297744706404
A02,2025-10-28 13:40:42.187628,20.691741071196667,37.32157725038953,0.7213384198311331
A02,2025-10-28 13:40:43.187639,23.5715509294142,49.70287851103872,0.6722195157317368
A01,2025-10-28 13:40:44.187648,23.627617606164485,42.807381440784724,0.4175847324277847
A01,2025-10-28 13:40:45.187656,21.426207377979093,37.044867290690256,0.9971791544467841
A01,2025-10-28 13:40:46.187665,24.179216581250945,66.2435830446728,0.2051933932736854
A03,2025-10-28 13:40:47.187673,22.536525894829403,35.245403090313054,0.8405433597998022
A01,2025-10-28 13:40:48.187681,26.05159483548088,37.21478288647165,0.6005570263689207
A02,2025-10-28 13:40:49.187689,22.882670977342705,57.772970238802564,0.9390371024767734
A03,2025-10-28 13:40:50.187697,23.556813134952563,37.06079863223303,0.29913744450326185
A01,2025-10-28 13:40:51.187705,27.010215961179416,37.83829598662871,0.6621461938998683
A03,2025-10-28 13:40:52.187713,24.794553837325147,32.862147624180494,0.7625314811099174
A02,2025-10-28 13:40:53.187721,24.80653984171314,40.4694392011705,0.737590125634175
A03,2025-10-28 13:40:54.187730,22.200461696057253,44.39975137999739,0.9884532372299433
A02,2025-10-28 13:40:55.187739,20.414683960896973,39.62290733632959,0.14553392126110215
A02,2025-10-28 13:40:56.187747,26.729018467741046,38.42352267573787,0.7158332085876289
A02,2025-10-28 13:40:57.187755,25.461740898617826,30.013021780627092,0.7483908581802253
A02,2025-10-28 13:40:58.187763,20.66096399891727,34.70794806544803,0.45434556079789135
A01,2025-10-28 13:40:59.187772,27.667253103492154,43.913317738218794,0.972549022171957
A01,2025-10-28 13:41:00.187780,26.902771006700714,43.29494662193319,0.8010709463018294
A03,2025-10-28 13:41:01.187788,25.887508880359373,57.235690626724214,0.2872886846332168
A02,2025-10-28 13:41:02.187796,23.03960232282787,38.82048567314267,0.9411078283294989
A01,2025-10-28 13:41:03.187804,25.211191071597597,31.33481979498718,0.82714476019153
A01,2025-10-28 13:41:04.187812,21.537687633089874,58.73022065285907,0.7812485679371273
A01,2025-10-28 13:41:05.187820,21.071108849218373,47.70124927478655,0.9815868414870356
A02,2025-10-28 13:41:06.187828,27.256356283409442,54.25273852802495,0.1588243645053546
A01,2025-10-28 13:41:07.187836,24.16763566233295,62.77789660616254,0.8671773569074949
A01,2025-10-28 13:41:08.187845,24.96993642969144,36.13133981504478,0.7108619423241905
A01,2025-10-28 13:41:09.187853,25.916824141240674,69.6777157949921,0.5230956036559441
A01,2025-10-28 13:41:10.187861,25.711664553808223,61.7028193978562,0.8769092866109673
A02,2025-10-28 13:41:11.187869,22.738852989822234,56.87930050570267,0.8317049542713457
A02,2025-10-28 13:41:12.187877,23.516142813257673,63.18733601731466,0.3683414407128157
A03,2025-10-28 13:41:13.187885,27.93139397040241,49.204115083972674,0.9188852688673878
A03,2025-10-28 13:41:14.187893,28.48527961984932,51.65153249007534,0.9810777337167064
A02,2025-10-28 13:41:15.187901,24.74329995709519,37.22842778752241,0.22319788183324968
A02,2025-10-28 13:41:16.187909,24.375729726518692,67.84355511632054,0.5267817656556948
A02,2025-10-28 13:41:17.187917,20.534771407795358,52.67083381691397,0.3384286468419502
A02,2025-10-28 13:41:18.187925,27.12047318514749,49.65763920040655,0.5188722560326352
A01,2025-10-28 13:41:19.187933,24.22113703289712,49.90862310615734,0.31767662616474246
A03,2025-10-28 13:41:20.187942,24.62496047549447,46.7814291512413,0.5328876745423999
A01,2025-10-28 13:41:21.187950,24.936591521481386,61.695988413420004,0.14244546154173862
A03,2025-10-28 13:41:22.187959,25.423624678822414,61.43541644097128,0.3540744349640679
A02,2025-10-28 13:41:23.187967,27.31884987985138,51.243461017176244,0.9630378754130905
A03,2025-10-28 13:41:24.187975,27.399723516242524,54.20276011795865,0.6169939397855108
A03,2025-10-28 13:41:25.187983,22.355029699399456,65.3806981465409,0.624257807752879
A02,2025-10-28 13:41:26.187991,24.668477506948218,64.09655442629887,0.14513448679126723
A03,2025-10-28 13:41:27.187999,23.803187711708546,38.997283836962694,0.2364512639705042
A02,2025-10-28 13:41:28.188007,24.984875703205965,59.69484507371176,0.9134615982615374
A02,2025-10-28 13:41:29.188015,25.432494155216066,46.76251218731731,0.5549925893916303
A03,2025-10-28 13:41:30.188023,24.549513461372204,34.23394747507402,0.10109639238740996
A03,2025-10-28 13:41:31.188031,28.0722324308826,66.24619267716116,0.34466019128911707
A01,2025-10-28 13:41:32.188039,22.55750466698836,40.27973253990176,0.9438610722860098
A03,2025-10-28 13:41:33.188049,23.61505123458353,40.60926748185847,0.9434672396164931
A03,2025-10-28 13:41:34.188058,26.17518112612758,55.32388352555056,0.9583351781958688
A03,2025-10-28 13:41:35.188066,27.882437920587364,66.4565149595073,0.8566682250801853
A01,2025-10-28 13:41:36.188074,19.48607741754055,54.865772538584196,0.7190689961108027
A03,2025-10-28 13:41:37.188082,26.108138461482536,54.826610324401884,0.2605406925526148
A02,2025-10-28 13:41:38.188091,23.393958849305786,30.537236455688724,0.42940968416012704
A03,2025-10-28 13:41:39.188099,27.618508450734264,47.58219760063962,0.9005113762110073
A03,2025-10-28 13:41:40.188107,27.115402039219962,69.22901482961777,0.5292445192426141
A01,2025-10-28 13:41:41.188115,25.99210453221954,60.360672784977496,0.3643727758824177
A02,2025-10-28 13:41:42.188124,21.2839442202505,48.54110144994921,0.5789331673327793
A01,2025-10-28 13:41:43.188132,22.108307861863494,43.772204156995116,0.3801751966466208
A03,2025-10-28 13:41:44.188140,26.72528646978373,48.22187636572644,0.2621847439410415
A01,2025-10-28 13:41:45.188159,22.9655977033781,30.06877401902716,0.7481740584124965
A02,2025-10-28 13:41:46.188171,18.151434500959386,50.299289999489005,0.42095046564302807
A03,2025-10-28 13:41:47.188180,23.064574143563966,61.78761672943118,0.8023120859573684
A02,2025-10-28 13:41:48.188188,24.830659984428532,37.764859098167044,0.18687824532070596
A03,2025-10-28 13:41:49.188197,26.708350092597666,57.69068775824447,0.238924236545935
A03,2025-10-28 13:41:50.188205,25.05536610749076,41.033454820132846,0.9399003607372175
A01,2025-10-28 13:41:51.188213,21.912348148304805,68.70815770589854,0.5201712393264222
A03,2025-10-28 13:41:52.188222,22.626577480331232,41.336608465197386,0.3415274166664465
A03,2025-10-28 13:41:53.188230,24.018842856616,55.96303752658549,0.22338804867869755
A01,2025-10-28 13:41:54.188238,26.80190914730965,33.483706069820045,0.5661748600135579
A01,2025-10-28 13:41:55.188247,22.805955522759326,59.33785382948821,0.7929303866838557
A02,2025-10-28 13:41:56.188255,27.142776298339935,48.39876911305629,0.8326133549530508
A03,2025-10-28 13:41:57.188263,24.77009793240095,38.173670533403765,0.7991288303887514
A02,2025-10-28 13:41:58.188271,25.294597521972225,56.803596924893895,0.1026881737163971
A03,2025-10-28 13:41:59.188279,28.253201214494148,61.377530409731705,0.9103570442066546
A02,2025-10-28 13:42:00.188287,26.611933337435936,49.39518333889591,0.38319062972827655
A02,2025-10-28 13:42:01.188296,23.331140770594878,36.31726171357981,0.8605857425297387
A01,2025-10-28 13:42:02.188305,24.613580442993904,44.07934109678057,0.18305934610546476
A01,2025-10-28 13:42:03.188313,24.76828596544538,51.436390165901614,0.7123973785714035
A02,2025-10-28 13:42:04.188321,22.091993402418836,53.42010258893674,0.44383645476450173
A01,2025-10-28 13:42:05.188329,22.25473361158278,30.561939348473082,0.565011803866243
A02,2025-10-28 13:42:06.188337,24.096161645974313,59.17365688063963,0.13608226208350568
A02,2025-10-28 13:42:07.188345,23.00783211415515,63.67024090550005,0.6791898407471125
A01,2025-10-28 13:42:08.188353,25.528162621904194,58.04558614902362,0.7694836492478205
A03,2025-10-28 13:42:09.188361,28.508917187446063,55.9863541218007,0.8437334806043966
A02,2025-10-28 13:42:10.188369,25.54211940243777,39.80009414072538,0.5927587837663788
A02,2025-10-28 13:42:11.188378,23.580128244414304,31.110147141672865,0.6802541475981312
A03,2025-10-28 13:42:12.188386,25.081889830626782,39.985421186067086,0.6593719004201889
A02,2025-10-28 13:42:13.188394,27.206656204682623,65.85542814205985,0.8023253813613652
A01,2025-10-28 13:42:14.188402,24.02767982726769,58.263373021292054,0.1488589763641058
A02,2025-10-28 13:42:15.188410,23.773840515190283,35.4180155996505,0.370168458568776
A01,2025-10-28 13:42:16.188418,26.550990335121472,61.0400001117919,0.5148999028466223
A01,2025-10-28 13:42:17.188426,27.06861699275934,56.46543947846459,0.1891048637468164
A03,2025-10-28 13:42:18.188434,24.083433281784945,39.23141429549692,0.11144691180099986
A01,2025-10-28 13:42:19.188450,26.329254530252303,61.49108543370568,0.8315106473105892
A01,2025-10-28 13:42:20.188460,24.247907111832145,41.121083024700035,0.7920432236434232
A02,2025-10-28 13:42:21.188468,25.02558816579998,56.25048787475833,0.12489158195701568
A03,2025-10-28 13:42:22.188476,25.608808163770416,69.81659613520164,0.4945254761211838
A02,2025-10-28 13:42:23.188484,24.161807939771094,63.3856794009649,0.4092531021628304
A02,2025-10-28 13:42:24.188493,26.066608948897972,53.64659068796564,0.27552042124299897
A02,2025-10-28 13:42:25.188501,26.551762293039932,54.94192481397843,0.27979490679233715
A03,2025-10-28 13:42:26.188509,21.241910644614897,64.71946036235437,0.743024864456103
A01,2025-10-28 13:42:27.188518,22.516578971646858,48.68260455249939,0.42587188040841384
A01,2025-10-28 13:42:28.188526,24.55374487550879,62.560368572821034,0.8563783808355135
A01,2025-10-28 13:42:29.188534,26.335428222319095,43.2908485573191,0.7253829879661677
A03,2025-10-28 13:42:30.188542,24.668985771618676,34.28545392412451,0.5231974242588285
A01,2025-10-28 13:42:31.188550,20.660612992944287,63.646721383740456,0.8615966430513919
A01,2025-10-28 13:42:32.188558,28.03887413980971,34.31175979209254,0.6001014192247894
A01,2025-10-28 13:42:33.188566,29.5725889072909,41.04125136583514,0.5601846428760205
A02,2025-10-28 13:42:34.188574,20.573957332941724,54.625369605845435,0.8414632036844883
A02,2025-10-28 13:42:35.188582,24.360762555215796,51.69442635127133,0.1371887778284548
A02,2025-10-28 13:42:36.188590,24.739983264227757,31.61830924080732,0.16315734405417134
A02,2025-10-28 13:42:37.188598,22.89197093150678,35.06335518450372,0.9694984760942467
A03,2025-10-28 13:42:38.188606,26.100697475165795,51.01011789223884,0.8303068702330906
A03,2025-10-28 13:42:39.188614,27.355541558055933,63.02144226199272,0.8495468705667456
A03,2025-10-28 13:42:40.188623,24.478511707295297,63.02350035422313,0.9197349179633042
A01,2025-10-28 13:42:41.188631,25.73805975226168,40.48791177507724,0.5967873083538894
A02,2025-10-28 13:42:42.188639,26.278655974955498,33.051997199279626,0.7398874375413743
A01,2025-10-28 13:42:43.188647,27.02287118442671,68.88766799947477,0.5204943238243317
A01,2025-10-28 13:42:44.188656,25.293096740982918,48.115580070834774,0.8415685456415919
A03,2025-10-28 13:42:45.188664,23.41296485986118,52.30685801644502,0.8521381125766261
A01,2025-10-28 13:42:46.188673,23.714536831563887,49.26256652307373,0.6388626536646522
A01,2025-10-28 13:42:47.188682,27.66000035371526,41.10760834039951,0.8207509430169037
A03,2025-10-28 13:42:48.188690,22.742575786672315,37.519171993340876,0.18130129271942014
A02,2025-10-28 13:42:49.188698,24.50099136466497,52.4737372275734,0.6683302749559439
A02,2025-10-28 13:42:50.188706,27.442310739737906,68.00341922248506,0.10659954654099363
A02,2025-10-28 13:42:51.188714,26.05844962355845,67.17757832445967,0.3385196663543996
A01,2025-10-28 13:42:52.188722,24.51862398563313,68.15452277754139,0.6616715429736101
A02,2025-10-28 13:42:53.188730,21.108598722803183,43.27789565317579,0.9757532594165759
A02,2025-10-28 13:42:54.188738,24.10117280685923,62.334058224147505,0.9274853492262913
A01,2025-10-28 13:42:55.188746,23.56231017633309,32.74796534434853,0.719404879121953
A02,2025-10-28 13:42:56.188754,26.67695328663144,50.98650309507431,0.629889238319751
A01,2025-10-28 13:42:57.188762,24.371914400737907,59.65539725088348,0.1106993940521156
A02,2025-10-28 13:42:58.188771,22.041393662984497,42.7129050364294,0.9680598312256731
A01,2025-10-28 13:42:59.188779,29.24645229730902,50.84935136696963,0.889306090777793
A01,2025-10-28 13:43:00.188787,25.164951232842487,68.3993379297284,0.6406149093424839
A02,2025-10-28 13:43:01.188796,23.813760772613378,46.200123356703116,0.18975431650942193
A01,2025-10-28 13:43:02.188804,24.90346419941733,49.25041566505883,0.5576159856548893
A01,2025-10-28 13:43:03.188812,22.563778541210738,45.082680148534465,0.6533119454006786
A01,2025-10-28 13:43:04.188820,24.03973148326612,68.2231210938611,0.2606310115760525
A03,2025-10-28 13:43:05.188829,28.307831351508504,38.43003759223746,0.21451791756785754
A03,2025-10-28 13:43:06.188836,23.664372967175392,40.567713887135056,0.7686280785869124
A02,2025-10-28 13:43:07.188845,21.76838596871128,41.14936980710438,0.718141181313359
A01,2025-10-28 13:43:08.188853,25.111119340638698,31.625506793960128,0.9480832796577812
A02,2025-10-28 13:43:09.188861,24.350926343620106,43.12623643424342,0.2791835504593927
A02,2025-10-28 13:43:10.188869,25.13488712157854,41.90063112359952,0.5677137070913344
A03,2025-10-28 13:43:11.188877,27.793266750444346,45.11651278299022,0.3821206362516
A03,2025-10-28 13:43:12.188885,24.93144659113981,62.50678525235643,0.8499711499133913
A03,2025-10-28 13:43:13.188894,23.971649064284502,68.83002583099712,0.8241769825094573
A02,2025-10-28 13:43:14.188903,22.17895881218824,40.73651419714687,0.8197068357294218
A03,2025-10-28 13:43:15.188911,24.860016214165796,38.579805590478315,0.7507205360941406
A03,2025-10-28 13:43:16.188919,21.511855802490977,59.012449362051,0.38900890936645527
A02,2025-10-28 13:43:17.188927,20.64656178617313,32.906503780297015,0.10449806627734182
A01,2025-10-28 13:43:18.188935,25.83522631515955,62.0194552335831,0.33589123929370046
A03,2025-10-28 13:43:19.188944,24.636363216622367,32.46316422092432,0.792081031319994
A01,2025-10-28 13:43:20.188952,24.632938606887357,59.786465653964854,0.20298596778085248
A02,2025-10-28 13:43:21.188960,24.10943903878554,40.6737661790449,0.19939192157687777
A02,2025-10-28 13:43:22.188968,27.59932077769203,69.58569719525426,0.11718674178505656
A02,2025-10-28 13:43:23.188976,24.995465474239463,51.18485972345878,0.626347228795008
A03,2025-10-28 13:43:24.188984,25.0031604121959,55.005889919214454,0.7228286445195938
A01,2025-10-28 13:43:25.188992,22.110891001898512,62.55080448218886,0.39059298417252086
A02,2025-10-28 13:43:26.189001,25.588742446808983,46.941244928035644,0.7423893628788342
A01,2025-10-28 13:43:27.189009,25.113298174698315,50.28257224535086,0.6088649449478669
A01,2025-10-28 13:43:28.189018,28.948398971902037,34.902452001081244,0.545783181384748
A03,2025-10-28 13:43:29.189026,26.078053034448537,47.347864261144764,0.8296210206928558
A02,2025-10-28 13:43:30.189034,25.31418220607256,65.89373504760403,0.8378713685389404
A02,2025-10-28 13:43:31.189042,24.702723005811254,64.8901651681121,0.28251897805326115
A01,2025-10-28 13:43:32.189050,21.998346073407575,63.974907063518344,0.7562290657189745
A01,2025-10-28 13:43:33.189058,24.4472896178706,34.40475841916371,0.651555972164249
A02,2025-10-28 13:43:34.189067,23.53657689036629,61.98714678260765,0.5685892048671276
A03,2025-10-28 13:43:35.189075,25.919910009394403,62.572106894062244,0.6136829743733216
A03,2025-10-28 13:43:36.189083,22.610397346473626,59.5117017572816,0.10680087949491648
A01,2025-10-28 13:43:37.189091,23.951243289597556,35.24503158670462,0.7824337501415473
A03,2025-10-28 13:43:38.189099,23.42060506889578,56.42551546522494,0.12632864953448122
A02,2025-10-28 13:43:39.189107,22.02095069016765,41.47703996530775,0.4819984158384808
A02,2025-10-28 13:43:40.189115,24.048296482909173,31.17690361072779,0.4682703308421081
A03,2025-10-28 13:43:41.189123,25.380592432162434,46.6148738829249,0.8939011255718695
A01,2025-10-28 13:43:42.189131,24.524455713481565,44.15598042395162,0.8165154153283037
A01,2025-10-28 13:43:43.189139,23.32810136995247,44.749154373637,0.34681941108215
A01,2025-10-28 13:43:44.189158,24.75854000456704,58.0733559950838,0.7595099611126728
A02,2025-10-28 13:43:45.189172,24.003927036575142,51.36415298991863,0.3626685245546005
A02,2025-10-28 13:43:46.189180,21.73679025128396,50.743178887014324,0.926754929027225
A01,2025-10-28 13:43:47.189188,21.555062619068835,33.98288692448197,0.12005087498453199
A02,2025-10-28 13:43:48.189198,22.244615477532154,51.654473217515715,0.9162299673321912
A01,2025-10-28 13:43:49.189206,25.1327227705435,44.09289597133974,0.6593205766461459
A03,2025-10-28 13:43:50.189215,28.21939976732504,39.52553497142155,0.9144993069134599
A02,2025-10-28 13:43:51.189223,26.202652238321303,32.900993043299,0.5734721246486192
A02,2025-10-28 13:43:52.189231,24.0801052280789,41.99708110590363,0.634457146588329
A02,2025-10-28 13:43:53.189239,23.070426542743874,46.95384114432653,0.6575152669854759
A03,2025-10-28 13:43:54.189247,27.271842796542092,30.65146102228706,0.8203622826098466
A01,2025-10-28 13:43:55.189255,25.60140966181154,46.0350740457952,0.10785979997281522
A02,2025-10-28 13:43:56.189263,25.080703678052128,46.19335909025679,0.6023161498324996
A03,2025-10-28 13:43:57.189271,25.080673802637833,52.32908350239374,0.7147908901539379
A02,2025-10-28 13:43:58.189280,23.392535810955014,62.109177352052896,0.628757285513486
A02,2025-10-28 13:43:59.189288,24.435659436095953,62.8398779037581,0.48020178378747336
A02,2025-10-28 13:44:00.189296,26.510070604854732,41.08460062155393,0.28770588750468296
A03,2025-10-28 13:44:01.189304,24.026295708642134,45.04981423627409,0.6834629499588813
A03,2025-10-28 13:44:02.189312,23.921336361300025,68.41101580031878,0.8279363545397187
A02,2025-10-28 13:44:03.189320,25.543432088020378,65.61201108933619,0.31762508079252144
A03,2025-10-28 13:44:04.189328,23.671037768082734,56.58039428361293,0.668791644234403
A01,2025-10-28 13:44:05.189336,25.69815410023742,60.7785369902943,0.5386465599692045
A02,2025-10-28 13:44:06.189345,25.65736675327848,37.29247355797192,0.9748022774568208
A02,2025-10-28 13:44:07.189354,24.551178776554544,62.75798912703038,0.4805372714143564
A02,2025-10-28 13:44:08.189363,28.33612862845753,66.10441736633729,0.8558754436247142
A02,2025-10-28 13:44:09.189371,27.37188276939906,47.53152270538027,0.6005126791903788
A03,2025-10-28 13:44:10.189380,24.460152427651412,63.05164948820355,0.3403716047264481
A03,2025-10-28 13:44:11.189390,26.613942917138075,35.512754286469416,0.6501282909966872
A03,2025-10-28 13:44:12.189398,26.012623222112037,67.98708292384049,0.1946186229776729
A01,2025-10-28 13:44:13.189406,24.24775250705654,57.235628470423364,0.9140451883054287
A02,2025-10-28 13:44:14.189414,28.162048115932734,39.35319998230776,0.25030458847155346
A01,2025-10-28 13:44:15.189423,25.883150942173764,50.429950954949696,0.6536384367645172
A03,2025-10-28 13:44:16.189430,26.17283220485068,52.89679966414093,0.3926315996879186
A03,2025-10-28 13:44:17.189445,23.18412480538731,42.220324263692916,0.2910912823587406
A02,2025-10-28 13:44:18.189456,26.187696129168533,55.52152056397121,0.6216282867210301
A02,2025-10-28 13:44:19.189464,28.069716956190753,64.7860086937269,0.562866642106966
A03,2025-10-28 13:44:20.189472,25.115831683351036,60.16897761742723,0.5341441877504827
A02,2025-10-28 13:44:21.189480,24.992328346835343,35.49864889574967,0.5357224226221934
A01,2025-10-28 13:44:22.189488,22.839724573736756,37.78320061967949,0.10372427824838445
A02,2025-10-28 13:44:23.189496,25.99988218040493,53.47861132618715,0.5611820310113307
A02,2025-10-28 13:44:24.189504,26.280229637042872,61.23941567370649,0.8512627000830832
A02,2025-10-28 13:44:25.189512,22.460644725670548,54.98692831581822,0.26190504936224074
A01,2025-10-28 13:44:26.189520,21.85307655051674,41.94642086727586,0.4800504777333203
A01,2025-10-28 13:44:27.189529,25.367002750186344,31.82405620888808,0.8875724587645387
A03,2025-10-28 13:44:28.189537,26.146510931527406,52.31352620956029,0.7186816350385492
A03,2025-10-28 13:44:29.189545,25.682078514775203,30.785008458621164,0.5487363114857954
A03,2025-10-28 13:44:30.189553,26.94715583775658,35.36827667035136,0.6378020656533808
A03,2025-10-28 13:44:31.189561,25.914247346672507,44.0106531899019,0.5444335816538348
A03,2025-10-28 13:44:32.189569,28.24644977853663,31.749372280721513,0.7320916644210302
A03,2025-10-28 13:44:33.189577,27.16090077267247,47.755603068230215,0.17677168317095565
A02,2025-10-28 13:44:34.189585,24.37378755075624,54.062857782802155,0.9553404276254873
A01,2025-10-28 13:44:35.189593,24.824672949505537,45.05016749830594,0.8036901825906065
A01,2025-10-28 13:44:36.189601,26.45432476664308,68.34099348051885,0.30949878889503146
A03,2025-10-28 13:44:37.189609,24.97861884672512,40.241896060629955,0.37931928880682375
A02,2025-10-28 13:44:38.189617,24.98396466453473,36.85924751519801,0.6971708818764535
A01,2025-10-28 13:44:39.189625,22.24359009972101,51.116109613656015,0.7007382841487962
A01,2025-10-28 13:44:40.189633,28.055954192281067,37.52218608231533,0.6916372455409028
A02,2025-10-28 13:44:41.189641,26.149842899968903,59.869131658934585,0.8406250413637938
A03,2025-10-28 13:44:42.189649,22.714905421300664,36.76694001874526,0.9486293243199392
A01,2025-10-28 13:44:43.189657,26.93415178063405,36.069571832348466,0.5268113381250099
A02,2025-10-28 13:44:44.189665,26.652300307052638,63.51521189474311,0.44190408529352854
A03,2025-10-28 13:44:45.189673,24.820280329199342,41.90965001429301,0.39575672696943076
A03,2025-10-28 13:44:46.189681,25.32910137281332,44.65532793028049,0.5870273096825307
A01,2025-10-28 13:44:47.189689,24.67213194684924,49.444492720163524,0.7551647738116928
A03,2025-10-28 13:44:48.189697,27.12104864056973,43.64192351768516,0.266409111417885
A03,2025-10-28 13:44:49.189705,23.838679920756846,51.7665009269116,0.49017083033072173
A03,2025-10-28 13:44:50.189713,24.297126211401313,30.440802707398245,0.18838547933232533
A02,2025-10-28 13:44:51.189721,23.833092018395867,53.14594116908097,0.5276523681940171
A02,2025-10-28 13:44:52.189730,23.531276149856435,61.67951830331817,0.5948362705390893
A02,2025-10-28 13:44:53.189738,22.761993375119097,31.053598881711245,0.3358815321147613
A03,2025-10-28 13:44:54.189750,22.675482437195168,56.285188692379,0.8198159924555978
A02,2025-10-28 13:44:55.189758,22.979452897877273,49.898021474443965,0.9709408421730664
A01,2025-10-28 13:44:56.189766,20.656007039120702,41.290361048024224,0.9317234915541831
A01,2025-10-28 13:44:57.189776,25.837838729371615,45.91263880065404,0.43651589733475804
A02,2025-10-28 13:44:58.189784,25.014200906846753,44.36696176008738,0.7932370840174107
A01,2025-10-28 13:44:59.189792,24.745069575878606,61.288573370411996,0.8677701816377317
A02,2025-10-28 13:45:00.189800,23.24870910581106,45.81367160228824,0.24245266724433506
A02,2025-10-28 13:45:01.189808,25.00653928687257,52.04368546700698,0.5804284428912656
A03,2025-10-28 13:45:02.189817,26.123490177203298,59.056422696592406,0.963560481536673
A01,2025-10-28 13:45:03.189825,22.454173966069824,47.7600478742453,0.14318582679378578
A03,2025-10-28 13:45:04.189833,23.819548139474488,65.97691413157003,0.17941236956404172
A03,2025-10-28 13:45:05.189841,26.344659816715076,61.803813250500724,0.9465773640440179
A03,2025-10-28 13:45:06.189849,23.300366419454516,61.88928688694428,0.3759759288976259
A03,2025-10-28 13:45:07.189857,24.152502810060977,63.48133221404934,0.4111222555358942
A01,2025-10-28 13:45:08.189865,27.33393714670708,62.424258155348326,0.2199377502049816
A01,2025-10-28 13:45:09.189873,24.748528672031025,59.35882695735176,0.7125651815063462
A02,2025-10-28 13:45:10.189882,25.764062243567256,37.6820261242085,0.47466065358188103
A01,2025-10-28 13:45:11.189890,26.029646128840113,54.44334374960885,0.35478536305134045
A03,2025-10-28 13:45:12.189899,24.372727209489884,56.55189180610999,0.6847523831446567
A02,2025-10-28 13:45:13.189907,24.806351596609876,40.557721173324154,0.18181599030471274
A03,2025-10-28 13:45:14.189915,26.967089187176416,42.22930982080328,0.9421043051817821
A02,2025-10-28 13:45:15.189923,28.105768199980638,53.51676597050743,0.6233423931853735
A03,2025-10-28 13:45:16.189931,27.20052386266345,47.35271314477035,0.850530250440019
A03,2025-10-28 13:45:17.189939,22.614936568357976,58.54075350170464,0.9325814997511825
A02,2025-10-28 13:45:18.189947,25.167123912413967,53.014393069300354,0.45765028429209076
A03,2025-10-28 13:45:19.189955,24.390084201138812,44.45024809512638,0.8944805076889775
A03,2025-10-28 13:45:20.189963,25.14639038551822,57.540001536508825,0.8957122809489494
A01,2025-10-28 13:45:21.189971,25.202090804271567,51.06684805648095,0.3216080030724421
A01,2025-10-28 13:45:22.189979,24.63799607424676,46.40286030083776,0.37980872562315204
A02,2025-10-28 13:45:23.189987,24.63775111099669,52.983581038322654,0.3972905152021954
A02,2025-10-28 13:45:24.189995,25.92021419305123,30.0779709467136,0.95921915182047
A03,2025-10-28 13:45:25.190003,25.042943368154507,65.89323174586065,0.2602607603593198
A01,2025-10-28 13:45:26.190011,22.27653096992642,58.86908003109643,0.7024506300466583
A01,2025-10-28 13:45:27.190019,25.193828251972754,62.532926744658006,0.7381569401705353
A02,2025-10-28 13:45:28.190027,24.229438441423703,39.85940928090546,0.9595048379969929
A03,2025-10-28 13:45:29.190035,24.201015699993185,54.886115920255776,0.18299671980690804
A03,2025-10-28 13:45:30.190043,23.230406861452146,65.02987232612676,0.4197315521552405
A03,2025-10-28 13:45:31.190053,25.9389740647017,46.78420779341205,0.7448709810070004
A03,2025-10-28 13:45:32.190062,21.82383835145288,30.98476843494248,0.543730603654417
A03,2025-10-28 13:45:33.190070,25.956355175233995,30.248983851644095,0.812314314470518
A02,2025-10-28 13:45:34.190078,26.734560762195304,57.52907541952723,0.4661883027301629
A02,2025-10-28 13:45:35.190086,28.31710626872156,65.65952715347564,0.4031503131286047
A01,2025-10-28 13:45:36.190095,25.171189173944324,63.55342231546303,0.3710702973611759
A01,2025-10-28 13:45:37.190103,23.220126056983943,56.05541251940657,0.7221610120112866
A02,2025-10-28 13:45:38.190111,23.16844382048374,35.22935426734143,0.24164256520490557
A02,2025-10-28 13:45:39.190119,21.854679448504957,69.06670942856321,0.6745557819817545
A03,2025-10-28 13:45:40.190127,23.42054423340459,37.6045649009382,0.9525235449596605
A01,2025-10-28 13:45:41.190135,20.523989730410648,57.10352316679702,0.6847174501122372
A03,2025-10-28 13:45:42.190143,23.55364989972776,68.5462583062329,0.23757483909154764
A01,2025-10-28 13:45:43.190162,26.24173954588746,44.0998138103497,0.8936634525089755
A02,2025-10-28 13:45:44.190174,21.993877474577896,61.3535985938953,0.15246201493858144
A01,2025-10-28 13:45:45.190182,23.701337372306412,66.04604409303141,0.4141856592709665
A02,2025-10-28 13:45:46.190190,27.505314103088548,44.822742013218615,0.6487309741143266
A02,2025-10-28 13:45:47.190199,26.00797620923131,46.22956543693972,0.7911328423339109
A02,2025-10-28 13:45:48.190208,23.63402316687428,52.07646685082298,0.5275905943237252
A01,2025-10-28 13:45:49.190216,24.744800550325806,45.54269721395838,0.2216881413852018
A03,2025-10-28 13:45:50.190224,25.47187279616379,65.07893005394817,0.6567831516221294
A02,2025-10-28 13:45:51.190232,23.52451019975757,64.69023130719748,0.10832104421966639
A02,2025-10-28 13:45:52.190241,25.131560524661694,64.22333863305255,0.11886326972486322
A02,2025-10-28 13:45:53.190250,27.0448073104846,49.46815190402269,0.627774524587343
A01,2025-10-28 13:45:54.190258,21.65445066866482,57.89756327758656,0.4010755232544857
A01,2025-10-28 13:45:55.190266,25.27945924704561,39.89006791107626,0.3217948061399216
A03,2025-10-28 13:45:56.190273,25.4371530245238,42.0939132655421,0.2458995791601848
A02,2025-10-28 13:45:57.190282,26.730328772030102,30.618147256931376,0.3247499005582944
A03,2025-10-28 13:45:58.190290,23.851418488349232,66.38158721988819,0.4199993955510153
A02,2025-10-28 13:45:59.190298,24.233565454436896,62.51350206918855,0.5464708189050183
A01,2025-10-28 13:46:00.190306,26.738435577498304,30.61587776489031,0.22298816147157338
A02,2025-10-28 13:46:01.190314,23.503752211348093,34.17813633370033,0.7007066241194374
A03,2025-10-28 13:46:02.190322,25.90035193225128,54.86283483704943,0.7739951330009548
A03,2025-10-28 13:46:03.190330,28.559299771089506,45.126873760925335,0.7321779577659807
A03,2025-10-28 13:46:04.190338,26.3613251424745,65.24454064699567,0.45978163434517394
A01,2025-10-28 13:46:05.190346,26.94849813089213,46.036750550988785,0.8060836750377776
A03,2025-10-28 13:46:06.190354,27.341068150104004,42.77451681102083,0.959869288011878
A01,2025-10-28 13:46:07.190362,28.705910606915676,50.44784682035409,0.854593888056496
A02,2025-10-28 13:46:08.190370,24.877452596679543,33.53683616736854,0.45018028328420145
A03,2025-10-28 13:46:09.190378,22.531515150564367,41.33330952872756,0.1508120800993401
A02,2025-10-28 13:46:10.190386,24.08691614912365,62.66114164483018,0.7774171102208826
A03,2025-10-28 13:46:11.190394,23.96782057951496,47.38606643605239,0.3247428076534222
A01,2025-10-28 13:46:12.190402,26.15963870996745,47.270222788104086,0.8763709491181014
A03,2025-10-28 13:46:13.190410,27.246154838150105,31.394741534286194,0.11373815178101604
A02,2025-10-28 13:46:14.190419,26.327896787311996,68.36132204679876,0.7916711440085552
A01,2025-10-28 13:46:15.190427,24.08487570421923,51.05706962910671,0.3000486564722641
A01,2025-10-28 13:46:16.190434,24.66786362808341,36.328420300720474,0.2594517475818275
A03,2025-10-28 13:46:17.190451,22.87610304639542,45.69172998644816,0.7783560299990689
A03,2025-10-28 13:46:18.190460,23.989279562235907,39.84032586442253,0.9358874602827968
A03,2025-10-28 13:46:19.190468,26.63606571326974,65.59511747080037,0.4081847727355057
A03,2025-10-28 13:46:20.190476,28.179685171137443,37.14016267405431,0.9493693901670893
A03,2025-10-28 13:46:21.190484,23.68667564831822,42.365098921496084,0.12317287751272701
A01,2025-10-28 13:46:22.190492,24.674761120886718,36.76141922814083,0.2413670257381208
A01,2025-10-28 13:46:23.190500,28.078126035861924,65.01347980196934,0.13912763937816017
A01,2025-10-28 13:46:24.190508,22.527260555136692,62.343416666467384,0.9342274805869386
A03,2025-10-28 13:46:25.190517,25.807014957415348,46.202088578510285,0.7643012410944363
A03,2025-10-28 13:46:26.190525,22.792344985302634,66.29327604995973,0.9536661599558678
A03,2025-10-28 13:46:27.190533,22.82900740999339,45.27095969120188,0.7070988505422692
A03,2025-10-28 13:46:28.190541,25.379784766059526,34.861582484801346,0.19631824856299568
A02,2025-10-28 13:46:29.190550,23.960920161132638,51.75566236116467,0.11356264514645278
A03,2025-10-28 13:46:30.190558,21.419719772563052,52.93667749965501,0.13051050360260255
A02,2025-10-28 13:46:31.190566,24.692575632471836,45.24370925207713,0.4046751793060013
A01,2025-10-28 13:46:32.190574,25.21008079619934,33.340329168778894,0.5629572748049376
A01,2025-10-28 13:46:33.190582,24.080638382804462,62.27479041260755,0.598745509909776
A03,2025-10-28 13:46:34.190590,20.80481744380439,38.91460268188773,0.2800188440404614
A01,2025-10-28 13:46:35.190599,26.581206580346485,44.90787707614335,0.6224926633146609
A01,2025-10-28 13:46:36.190607,22.29239478580994,68.98585772604875,0.34564050338691177
A03,2025-10-28 13:46:37.190615,25.881773615561478,41.96963078285676,0.493967248396578
A02,2025-10-28 13:46:38.190623,24.66653252444355,64.23999015255171,0.3709382078504777
A01,2025-10-28 13:46:39.190632,26.900587737006266,54.530648952112486,0.7692108445491589
A02,2025-10-28 13:46:40.190640,24.502836499577686,62.38909827751012,0.9790647884161455
A03,2025-10-28 13:46:41.190648,26.244794546785272,44.8913989207108,0.69972026067489
A03,2025-10-28 13:46:42.190656,29.780676842720002,44.583771625750515,0.12687980327889503
A01,2025-10-28 13:46:43.190664,23.82727279038289,55.027572786663725,0.2510322900800846
A01,2025-10-28 13:46:44.190673,25.930887777963644,39.050494887743085,0.8758371639640503
A01,2025-10-28 13:46:45.190681,23.76615311981675,45.90347806524856,0.377356869642693
A01,2025-10-28 13:46:46.190689,25.15350823098524,30.29132897830822,0.4118722081246672
A02,2025-10-28 13:46:47.190697,25.40156388513,60.744215885055226,0.3148655266375534
A02,2025-10-28 13:46:48.190705,28.09913970883349,40.748464529826876,0.353652649717909
A02,2025-10-28 13:46:49.190713,22.95053270559435,44.33391882200371,0.16621986540828732
A03,2025-10-28 13:46:50.190721,27.858275489350213,69.4164925940376,0.6601344591500388
A03,2025-10-28 13:46:51.190729,22.854815522103102,66.87050274763196,0.6243501380801847
A02,2025-10-28 13:46:52.190738,22.902084854535133,54.543347888244384,0.3891146063895754
A03,2025-10-28 13:46:53.190746,21.308051631723465,51.69446282290008,0.6860672439658894
A03,2025-10-28 13:46:54.190754,28.323116193507662,62.66257089742971,0.6008931277582461
A01,2025-10-28 13:46:55.190762,26.262332393721625,68.61107303530909,0.4501017625558663
A03,2025-10-28 13:46:56.190770,27.091397366191543,33.66700202058445,0.5890812956253205
A02,2025-10-28 13:46:57.190778,24.63430313454899,68.11263095967442,0.814299986663481
A02,2025-10-28 13:46:58.190786,24.944045596273725,43.437992773311336,0.2871891289805879
A02,2025-10-28 13:46:59.190796,28.289499626371917,32.04240623969869,0.29089332103912036
A02,2025-10-28 13:47:00.190805,24.429763558451867,60.62953368819551,0.20921916640379185
A01,2025-10-28 13:47:01.190814,25.604056825529515,36.66891814970767,0.6492305090181962
A02,2025-10-28 13:47:02.190822,26.59333106715362,59.136856395660914,0.46891442739024436
A02,2025-10-28 13:47:03.190830,25.741035246372732,36.53771285341647,0.10524055256860623
A01,2025-10-28 13:47:04.190838,27.091310347995623,39.002348414392664,0.3842397572778923
A02,2025-10-28 13:47:05.190846,21.81196169037163,67.90019264352352,0.5573073557002814
A02,2025-10-28 13:47:06.190854,24.70357551471152,66.05344636012583,0.9697483824679255
A01,2025-10-28 13:47:07.190862,30.702695089323036,37.337008702783216,0.4624972885783073
A02,2025-10-28 13:47:08.190870,21.90035065727806,42.38221119044046,0.7176561887381573
A02,2025-10-28 13:47:09.190878,26.967277902393448,33.232471798076475,0.5144543512527954
A03,2025-10-28 13:47:10.190886,23.835219921349108,44.926740587766986,0.6559078002686558
A01,2025-10-28 13:47:11.190894,24.159212018890678,30.317310726092387,0.4225390049826071
A01,2025-10-28 13:47:12.190902,22.04509333335758,44.350489782266735,0.5901902598851229
A02,2025-10-28 13:47:13.190910,21.733198078212887,68.21137052496364,0.46997804875495586
A01,2025-10-28 13:47:14.190918,24.917686655136528,39.854243600371206,0.9128788312236364
A03,2025-10-28 13:47:15.190926,25.61418115763976,37.02795526714048,0.8079844057907517
A03,2025-10-28 13:47:16.190935,18.790230290642633,42.82884060916435,0.4576225877095602
A03,2025-10-28 13:47:17.190943,26.16894869558276,62.53260178965562,0.43817511956746713
A02,2025-10-28 13:47:18.190951,24.047288645548893,33.149588663851276,0.35085937269831713
A01,2025-10-28 13:47:19.190959,23.072507595675603,41.7137677283872,0.3064126106331549
A03,2025-10-28 13:47:20.190967,23.83745235369015,41.89386647153857,0.4102997766933911
A01,2025-10-28 13:47:21.190975,23.618120618249705,66.02830875855952,0.8566891562532039
A03,2025-10-28 13:47:22.190983,25.917929197331418,31.75146032784506,0.782691804017045
A02,2025-10-28 13:47:23.190991,25.49243983327359,59.16943034839137,0.7638023113281643
A01,2025-10-28 13:47:24.190999,25.416519701894977,30.065163132507227,0.5376093966303868
A01,2025-10-28 13:47:25.191007,24.83147988312101,32.970581383687744,0.2768444441878598
A02,2025-10-28 13:47:26.191015,27.43374296871253,33.282224652458936,0.5698097220259977
A02,2025-10-28 13:47:27.191023,25.191076620545036,60.915239534408705,0.497486908849352
A01,2025-10-28 13:47:28.191031,25.74290987524187,34.96476907872066,0.42880597849294266
A02,2025-10-28 13:47:29.191040,28.072491805854455,60.84488881159491,0.5265675471326636
A01,2025-10-28 13:47:30.191048,21.941387021282818,32.12107855833698,0.10058264004138472
A03,2025-10-28 13:47:31.191057,23.322858406110402,50.103874744334114,0.7583479557644033
A02,2025-10-28 13:47:32.191066,20.86501225534284,37.59193858578467,0.11610541420920044
A02,2025-10-28 13:47:33.191074,21.935189784807868,32.012610264997136,0.8848764980941047
A01,2025-10-28 13:47:34.191082,25.185928577939713,67.75507866758787,0.2602899325993199
A03,2025-10-28 13:47:35.191090,22.649136518348563,38.30030134386728,0.7349422911776705
A02,2025-10-28 13:47:36.191098,21.124995028394387,31.757621026240734,0.908751571267077
A02,2025-10-28 13:47:37.191106,24.494962180860178,39.84145248243156,0.3722460956241219
A02,2025-10-28 13:47:38.191114,28.242279659944344,43.777193532004034,0.6268632875722135
A01,2025-10-28 13:47:39.191122,23.78474894856152,61.01134063391961,0.34304852270589714
A02,2025-10-28 13:47:40.191130,28.20062450747991,42.77647803846447,0.3435251448583268
A02,2025-10-28 13:47:41.191138,26.568695798627495,38.924717143211005,0.5248192955807077
A03,2025-10-28 13:47:42.191156,26.50278175565716,45.57969101331276,0.9444251055778748
A02,2025-10-28 13:47:43.191169,25.583497063591636,33.85934402771083,0.4641138998569351
A02,2025-10-28 13:47:44.191177,23.775976208444565,61.62420547361332,0.7929493145693267
A01,2025-10-28 13:47:45.191185,21.61301802411584,38.518549791716495,0.5276100543162779
A02,2025-10-28 13:47:46.191195,19.25800774427765,40.6604378737949,0.9605698530393696
A03,2025-10-28 13:47:47.191203,25.429561582812976,47.362570696505074,0.7623499967955066
A02,2025-10-28 13:47:48.191211,26.9231372791832,66.46745812070115,0.10655014096174323
A03,2025-10-28 13:47:49.191219,27.70289881763075,64.60743190732362,0.9254780045035766
A02,2025-10-28 13:47:50.191227,27.917285857290775,66.40287029409521,0.8680975912722115
A02,2025-10-28 13:47:51.191235,25.70432296939796,53.90157287720771,0.2686666422655753
A01,2025-10-28 13:47:52.191243,26.267505492462323,64.69584621593653,0.6009431779630773
A01,2025-10-28 13:47:53.191251,23.029772503903185,50.80035848712242,0.9367476329558179
A01,2025-10-28 13:47:54.191259,25.53349134645526,58.30581519254534,0.6904497744102194
A01,2025-10-28 13:47:55.191268,26.20857451509942,61.67655164276084,0.9440894128939034
A01,2025-10-28 13:47:56.191276,24.052730509084924,56.22596058603242,0.45423696613674747
A02,2025-10-28 13:47:57.191284,26.812815717845837,66.51366589670124,0.6086262144171101
A02,2025-10-28 13:47:58.191292,25.732620553225242,42.11744006681975,0.8006141079132356
A02,2025-10-28 13:47:59.191300,24.291761240893024,40.069662810148785,0.11888457147316411
A01,2025-10-28 13:48:00.191309,20.106411124718598,39.01535287272298,0.3518846759005294
A03,2025-10-28 13:48:01.191317,22.70189304287453,57.685763697063074,0.5279969025028075
A02,2025-10-28 13:48:02.191326,26.030304926463753,63.66953100482918,0.459548930220809
A02,2025-10-28 13:48:03.191334,24.540082697547696,35.895999842159995,0.8577787324481655
A02,2025-10-28 13:48:04.191342,25.812059492246433,44.36288838351544,0.6722732124228786
A03,2025-10-28 13:48:05.191351,21.228545720852352,53.47625213840199,0.9035208281486117
A01,2025-10-28 13:48:06.191359,26.439560588194418,56.22432593893299,0.6908579236134096
A02,2025-10-28 13:48:07.191367,23.381322445320667,69.35909067773741,0.5522601908907903
A02,2025-10-28 13:48:08.191375,28.534072347446855,50.03128756163931,0.1755631609675646
A03,2025-10-28 13:48:09.191383,23.341987347218705,37.09060078436323,0.14685747793593346
A01,2025-10-28 13:48:10.191391,24.673851976759483,68.58678323215628,0.18123751812994887
A03,2025-10-28 13:48:11.191399,27.885538314007782,31.104404047406184,0.966186719597234
A01,2025-10-28 13:48:12.191407,28.714615617285702,45.391572416517306,0.6371003837251493
A02,2025-10-28 13:48:13.191415,26.762980580524108,67.96777055233181,0.7911206040098179
A01,2025-10-28 13:48:14.191423,26.287114088049925,43.91624808643136,0.38611654976190757
A03,2025-10-28 13:48:15.191431,23.401744339766523,44.35308933279721,0.9778181034061014
A01,2025-10-28 13:48:16.191470,24.52650761133596,45.84691143585121,0.8458215844212853
A03,2025-10-28 13:48:17.191482,24.9314344596994,69.72776555480729,0.9492741332505896
A02,2025-10-28 13:48:18.191490,22.67273210779932,62.14455134963684,0.23689011854437525
A01,2025-10-28 13:48:19.191498,24.205075136838936,30.75557123918908,0.16957320199556025
A02,2025-10-28 13:48:20.191506,25.764507774321398,52.58328369975477,0.15460843554229078
A01,2025-10-28 13:48:21.191515,24.555467327972575,44.65549217195985,0.20713485041230512
A03,2025-10-28 13:48:22.191523,28.083866515367085,62.42046478193087,0.7786167170253155
A02,2025-10-28 13:48:23.191532,25.987369569257492,58.93138738894368,0.2010012605605877
A03,2025-10-28 13:48:24.191540,24.98775223921271,57.504403508205456,0.6504136867094662
A02,2025-10-28 13:48:25.191549,24.98527926634176,34.61314769858801,0.8351992478310968
A01,2025-10-28 13:48:26.191557,25.361409550295647,43.51855662632652,0.3505189918981283
A03,2025-10-28 13:48:27.191565,25.3197226447488,47.08472910557153,0.4401915366404664
A01,2025-10-28 13:48:28.191573,25.948965145883534,52.72557524952716,0.3459871196576978
A02,2025-10-28 13:48:29.191582,20.972050131947523,56.3373084473037,0.5966498032662162
A01,2025-10-28 13:48:30.191590,27.803633304323522,68.93411518664863,0.8612452034332951
A03,2025-10-28 13:48:31.191598,26.856177163244944,52.98747830727545,0.5591459139336226
A01,2025-10-28 13:48:32.191606,24.430170578216373,58.50769548049762,0.8271002435436255
A03,2025-10-28 13:48:33.191614,24.362749603212293,58.92118858909463,0.5875006485990785
A03,2025-10-28 13:48:34.191623,26.067901429497084,39.742478083944704,0.5127111498152388
A03,2025-10-28 13:48:35.191631,23.09850316774011,40.044865647168436,0.8215528384333681
A01,2025-10-28 13:48:36.191639,23.29706326490935,64.79449947343879,0.8848040352251402
A01,2025-10-28 13:48:37.191647,22.046390087378747,42.789886648830176,0.23883860236393473
A02,2025-10-28 13:48:38.191655,28.861922392664606,32.69427710152345,0.4069063573754762
A01,2025-10-28 13:48:39.191665,24.887587917172112,42.13771206210073,0.7287402752389835
A02,2025-10-28 13:48:40.191673,24.937381376667535,37.940055276092124,0.35668851873622254
A03,2025-10-28 13:48:41.191681,25.049047315557292,35.54575828321779,0.3041215870212032
A03,2025-10-28 13:48:42.191691,22.918090205339883,32.07935822525459,0.6579647944731768
A03,2025-10-28 13:48:43.191700,27.159975720818224,50.15436770865249,0.4600322811913231
A01,2025-10-28 13:48:44.191708,25.91009306827597,65.50089622048668,0.9141215833972928
A01,2025-10-28 13:48:45.191716,25.713942143726385,60.98923747082044,0.9115188161970598
A03,2025-10-28 13:48:46.191725,25.009672296313436,38.97016867678633,0.10315593107726398
A01,2025-10-28 13:48:47.191734,24.012975884513345,31.974691219473243,0.9642539282283153
A02,2025-10-28 13:48:48.191742,23.596906390180163,57.083121609184076,0.4115454434507627
A02,2025-10-28 13:48:49.191750,22.35342255455742,59.640185203193305,0.18252305023667798
A03,2025-10-28 13:48:50.191758,25.938007184990493,44.294835523705764,0.1478488987504408
A02,2025-10-28 13:48:51.191766,27.628658093647548,35.78170409192827,0.10991622040473678
A01,2025-10-28 13:48:52.191774,26.17079275858247,65.84539122836266,0.8011417394791974
A01,2025-10-28 13:48:53.191782,25.445598816952348,54.815336413909414,0.5899920066391993
A01,2025-10-28 13:48:54.191790,26.66718151596719,46.34202699688207,0.3298394636515848
A01,2025-10-28 13:48:55.191798,23.542981896738233,59.274270962330355,0.305327389638161
A02,2025-10-28 13:48:56.191806,25.912217209594633,37.641770105985394,0.807026770054878
A02,2025-10-28 13:48:57.191815,25.127120815418056,65.18316206041035,0.32965016315846085
A02,2025-10-28 13:48:58.191823,22.54082364084193,66.23137814514811,0.433771739689095
A03,2025-10-28 13:48:59.191831,29.872269193831215,34.720430121298016,0.9590811425101509
A03,2025-10-28 13:49:00.191839,27.14944242054024,38.28667371025505,0.3140715217667104
A02,2025-10-28 13:49:01.191847,25.69169494200696,33.179106545589235,0.668015517976919
A02,2025-10-28 13:49:02.191855,24.35637876311451,60.52768764046529,0.5148605778711838
A01,2025-10-28 13:49:03.191863,22.71024300616384,44.70039472240278,0.8382800373795333
A03,2025-10-28 13:49:04.191871,26.909405628404617,51.40375091563944,0.33255709519103793
A01,2025-10-28 13:49:05.191879,21.664164449302223,40.708525530387114,0.23510244492939553
A01,2025-10-28 13:49:06.191888,26.91824106469739,43.08016976692437,0.8907098364137194
A02,2025-10-28 13:49:07.191896,26.817464991470548,69.1196581758981,0.7479688524599202
A02,2025-10-28 13:49:08.191905,23.681093946202587,55.7110093888931,0.28917114050395165
A02,2025-10-28 13:49:09.191914,24.59463534920193,58.660633369843396,0.24394499233908168
A03,2025-10-28 13:49:10.191922,25.122916641036813,38.14117643550914,0.19549740287416376
A02,2025-10-28 13:49:11.191931,25.83368941796818,68.94483107840341,0.9239599414137549
A01,2025-10-28 13:49:12.191940,24.03200772401798,46.87158021399746,0.8381337363241512
A02,2025-10-28 13:49:13.191948,22.39515987269543,62.87847665673174,0.5552089465960582
A02,2025-10-28 13:49:14.191956,23.215400952596816,33.341394709218086,0.33277009911822986
A01,2025-10-28 13:49:15.191965,26.746810265231243,60.79568557015507,0.6264214662409432
A02,2025-10-28 13:49:16.191973,26.857847981315597,32.90826219776398,0.5371994346793453
A02,2025-10-28 13:49:17.191981,23.043680640212873,46.74897903620715,0.1073380322362346
A01,2025-10-28 13:49:18.191989,20.53344731127801,34.87718331501008,0.6377090596390694
A01,2025-10-28 13:49:19.191997,26.18191723927011,53.99051645487924,0.3048086575310845
A02,2025-10-28 13:49:20.192005,23.17340993932414,37.84931656191608,0.3821651719647289
A01,2025-10-28 13:49:21.192013,24.59416918404604,30.27212383518262,0.718983789302481
A02,2025-10-28 13:49:22.192021,27.00138387852982,37.50881563908158,0.9944024591559956
A01,2025-10-28 13:49:23.192029,25.22144108795322,64.89573620639655,0.55121534617364
A01,2025-10-28 13:49:24.192037,22.70661561250562,39.32885334369476,0.7703687643970629
A03,2025-10-28 13:49:25.192046,28.573827753084025,36.41552484257748,0.5760822512716419
A02,2025-10-28 13:49:26.192054,26.066718646993348,34.50515289417756,0.2353231821980376
A01,2025-10-28 13:49:27.192062,26.878115692336536,55.301445178241636,0.7229418044650915
A03,2025-10-28 13:49:28.192070,25.221933966369754,48.20735866520309,0.7602899201299654
A01,2025-10-28 13:49:29.192078,25.178201193559147,64.81661722784368,0.9355464310535995
A02,2025-10-28 13:49:30.192086,20.875949813727804,57.28429635234085,0.3587625805888691
A03,2025-10-28 13:49:31.192094,22.521363938451156,67.19846766283035,0.13787041367075056
A01,2025-10-28 13:49:32.192102,26.71604226746372,46.090900453206054,0.2711888226263857
A03,2025-10-28 13:49:33.192110,26.572111917865527,44.59362952513309,0.5229708624792692
A02,2025-10-28 13:49:34.192119,22.237519590674953,65.76283394201135,0.21004080896296728
A03,2025-10-28 13:49:35.192127,28.15888342412674,65.25514649449937,0.6008540387955666
A02,2025-10-28 13:49:36.192135,27.545164697696475,52.655080497921205,0.12321530168005465
A03,2025-10-28 13:49:37.192144,19.902493515233733,43.031934551760344,0.17712417974600636
A02,2025-10-28 13:49:38.192165,25.581933821721623,30.929320983306138,0.4835310214571593
A01,2025-10-28 13:49:39.192176,24.190541689427782,38.035865749753675,0.725239971279219
A03,2025-10-28 13:49:40.192184,27.577592393902425,32.84363757129431,0.6921181749121781
A02,2025-10-28 13:49:41.192192,22.455299837852802,65.72109235222607,0.8783097899005139
A03,2025-10-28 13:49:42.192201,26.593970770082585,34.71231070316327,0.49190444141851286
A03,2025-10-28 13:49:43.192210,28.263745918528183,30.38250750611063,0.7014953623352552
A02,2025-10-28 13:49:44.192218,26.003664842323225,51.78496886104588,0.8968829682106797
A03,2025-10-28 13:49:45.192226,23.88443769049266,38.040639202532844,0.5896341197079493
A02,2025-10-28 13:49:46.192234,23.511155734760294,38.707704693717965,0.7137103774545257
A01,2025-10-28 13:49:47.192242,24.04897319419853,67.69360604955764,0.14556944356780707
A03,2025-10-28 13:49:48.192250,26.638756118052864,46.27091460239368,0.3893129648753515
A03,2025-10-28 13:49:49.192258,24.394108429308623,49.928337653419504,0.8416373279814879
A01,2025-10-28 13:49:50.192267,27.269008409974187,65.35525794505361,0.9838356777173776
A02,2025-10-28 13:49:51.192275,25.39536776508057,50.74022752810701,0.42855694785358767
A02,2025-10-28 13:49:52.192283,23.91690935188195,65.60092758200355,0.11858890246154657
A02,2025-10-28 13:49:53.192292,23.443797810460925,56.46996668445586,0.11661179476219287
A02,2025-10-28 13:49:54.192300,22.477631335187112,50.05945816180394,0.2004996089219218
A01,2025-10-28 13:49:55.192308,24.007657863323427,40.58990762315584,0.9475166435334493
A02,2025-10-28 13:49:56.192316,24.406517697379876,45.92806757424305,0.5641988231309809
A02,2025-10-28 13:49:57.192324,25.667842239912055,34.54400918129177,0.5547394692407788
A02,2025-10-28 13:49:58.192332,24.92259108343133,35.4169191027733,0.6194046476460272
A02,2025-10-28 13:49:59.192340,26.630497090625624,59.29561133216775,0.9053995620776438
A01,2025-10-28 13:50:00.192348,23.868694478911426,50.5051234558867,0.5292263190293908
A03,2025-10-28 13:50:01.192356,24.206897175275273,49.24356676301368,0.8508846811393376
A02,2025-10-28 13:50:02.192364,26.071785664584088,64.4557327638096,0.580615164379548
A03,2025-10-28 13:50:03.192373,24.938351297223072,31.60059908416286,0.7089963571183372
A02,2025-10-28 13:50:04.192381,26.54857593419129,54.735947937863045,0.8919350629935159
A01,2025-10-28 13:50:05.192389,24.97918384830005,34.82346080108404,0.47301548034325236
A01,2025-10-28 13:50:06.192397,28.005570961607518,59.43428361883137,0.8621172669955891
A03,2025-10-28 13:50:07.192406,25.710766787517755,48.69736278653409,0.7947734493455818
A03,2025-10-28 13:50:08.192414,21.425365908900172,38.70866013829177,0.9688370643658809
A01,2025-10-28 13:50:09.192423,25.993295825378556,60.54771012146352,0.546560441521576
A01,2025-10-28 13:50:10.192430,23.478592761199184,39.532260168987534,0.33444152438421615
A02,2025-10-28 13:50:11.192444,26.923917323929377,68.94006104224428,0.7318159089785077
A02,2025-10-28 13:50:12.192456,21.13424331680965,52.77077965878631,0.8907322093055754
A03,2025-10-28 13:50:13.192464,22.921100569269218,37.259614275894805,0.5599091366978071
A02,2025-10-28 13:50:14.192472,21.033955332050652,46.25095064237986,0.4041771244614252
A03,2025-10-28 13:50:15.192480,26.40617384074832,53.62057627089404,0.5796967408480639
A03,2025-10-28 13:50:16.192488,25.919733561013118,54.26447565462286,0.899111039993551
A02,2025-10-28 13:50:17.192497,26.403792734935532,30.677133503256826,0.8898805140821177
A03,2025-10-28 13:50:18.192504,25.11370068268631,69.89179695435888,0.6623279194771422
A03,2025-10-28 13:50:19.192512,28.38607508933039,39.90763335554213,0.8742258809808076
A02,2025-10-28 13:50:20.192520,25.092298088312738,57.647989356785445,0.6356407392743231
A02,2025-10-28 13:50:21.192528,24.826929480124893,40.36127095407814,0.9391055638846098
A03,2025-10-28 13:50:22.192536,25.38302155007664,68.84589411651868,0.3504866504826627
A02,2025-10-28 13:50:23.192544,27.016789771477228,37.584791059568744,0.8915528685954633
A03,2025-10-28 13:50:24.192552,25.48741188445281,30.769646252126247,0.4370027438596704
A02,2025-10-28 13:50:25.192560,23.766237827396168,67.04944415816072,0.9998161037088262
A02,2025-10-28 13:50:26.192568,22.9503593312405,45.1683687989848,0.6892387480233199
A03,2025-10-28 13:50:27.192576,26.513643408523752,39.14451053928119,0.6885896533276106
A02,2025-10-28 13:50:28.192584,23.550241523518796,52.02638373111188,0.2042621496050045
A02,2025-10-28 13:50:29.192592,24.66923309791123,35.940595062096314,0.7278245463390238
A03,2025-10-28 13:50:30.192600,24.359949397737253,34.87002104069813,0.35250900641583927
A01,2025-10-28 13:50:31.192618,23.65055502574487,60.32613181053757,0.21594122472905614
A01,2025-10-28 13:50:32.192627,26.71834303404863,43.428834607786825,0.13144794718797284
A02,2025-10-28 13:50:33.192635,25.322653262638468,57.06974988372299,0.9890016328404118
A01,2025-10-28 13:50:34.192643,20.55518227130983,66.27095763934393,0.5848659377438861
A01,2025-10-28 13:50:35.192651,28.03008575811004,56.77653251652832,0.2799469660879499
A02,2025-10-28 13:50:36.192659,31.27720080700931,63.15056694466871,0.1049131849416749
A03,2025-10-28 13:50:37.192667,26.30126120799447,66.55332040239016,0.24102544136513557
A03,2025-10-28 13:50:38.192675,23.356694169412414,30.291912151649697,0.8713604904311527
A02,2025-10-28 13:50:39.192683,25.285500716106657,44.888455288606735,0.9461218815703633
A01,2025-10-28 13:50:40.192691,22.97777068583167,47.19672924285782,0.7661273152533816
A02,2025-10-28 13:50:41.192699,26.8698778502005,64.35555636577362,0.6607103981340714
A01,2025-10-28 13:50:42.192707,26.18662564039696,38.22761235193347,0.23082636671757636
A02,2025-10-28 13:50:43.192715,24.035335307541246,55.813211846584245,0.6945466493982027
A02,2025-10-28 13:50:44.192723,22.678370683422987,66.40658263619602,0.5173874206102587
A01,2025-10-28 13:50:45.192731,23.53655714766689,43.405587294945605,0.7620560017935161
A03,2025-10-28 13:50:46.192739,23.19359012413065,69.28535112493742,0.9011711374922761
A01,2025-10-28 13:50:47.192747,22.918342524969667,51.33621034470512,0.1396391656775023
A03,2025-10-28 13:50:48.192755,25.979511213022967,60.81525816865664,0.6694591169099408
A02,2025-10-28 13:50:49.192763,25.40824476523386,44.30589539282177,0.3926131985506527
A02,2025-10-28 13:50:50.192772,23.80797298556498,45.82074036129031,0.483914561811451
A02,2025-10-28 13:50:51.192780,23.311601766831686,40.6399288276089,0.3192622621082728
A03,2025-10-28 13:50:52.192788,20.75446726588779,42.04592346539674,0.8805704164786268
A03,2025-10-28 13:50:53.192796,21.845253116427536,43.345597716035556,0.9408556734224934
A03,2025-10-28 13:50:54.192804,25.398095819886287,46.819109810337665,0.1899642308174408
A01,2025-10-28 13:50:55.192813,29.50498551408182,47.34854178314126,0.6282037006393812
A01,2025-10-28 13:50:56.192822,24.685899783572104,69.60567857333908,0.6687078377561403
A03,2025-10-28 13:50:57.192830,22.532428618560083,48.916310467664374,0.7578656166840397
